static const char kernel_config_data[] __used = MAGIC_START
	"\x1f\x8b\x08\x00\x00\x00\x00\x00\x02\x03\x8c\x3c\xcb\x72\xdb\xb8"
	"\xb2\xfb\xf9\x0a\x55\xe6\x2e\xee\x5d\xcc\x44\xb2\x15\xc7\xa9\x5b"
	"\x5e\x80\x24\x28\xe1\xf0\x01\x1a\x00\x25\xdb\x1b\x96\xc6\x56\x32"
	"\xae\x71\x2c\x1f\x59\x9e\x39\xf9\xfb\xd3\x0d\x90\x22\x40\x02\x72"
	"\xb2\x48\x99\xe8\x46\xe3\xd5\xe8\x37\xf4\xeb\x2f\xbf\x4e\xc8\xdb"
	"\x61\xf7\x7d\x73\x78\xbc\xdf\x3c\x3d\xfd\x98\x7c\xdb\x3e\x6f\xf7"
	"\x9b\xc3\xf6\x61\xf2\xf5\xf1\x69\xfb\xff\x93\x84\x4f\x4a\xae\x26"
	"\x34\x61\xea\x77\x40\xce\x1f\x9f\xdf\xfe\xf3\x71\xb3\xff\x7e\x31"
	"\x9f\xcc\x7f\x9f\xcd\x7f\x3f\xff\x74\xf1\xdb\xee\x05\x3a\x3d\x6d"
	"\x7e\xdb\xdf\xcf\x26\xd9\x76\x0f\x7f\x4f\xe2\xdd\xf3\xd7\xc7\x6f"
	"\x6f\x40\xe9\x71\xf7\xfc\xcb\xaf\xbf\xc4\xbc\x4c\xd9\xa2\x21\xa2"
	"\xb8\x98\x5f\xfd\xe8\x3e\x2f\xe6\x11\x53\xfd\x27\x11\xf1\xb2\xa9"
	"\x96\xb7\xb2\x21\x49\x22\x1a\x35\x84\x17\x45\x6d\x23\x03\xa9\xa6"
	"\x22\x0b\xda\xc8\x25\x4b\xd5\xd5\xec\xcc\x05\xc1\x87\x6a\x41\x73"
	"\x67\x84\xa2\x20\x55\x23\xca\xa4\x01\xe2\xb2\x29\x58\x79\x35\xbb"
	"\x3c\x85\x40\x6e\xae\xce\x02\x14\x62\x5e\x54\x44\x59\x84\x66\x3f"
	"\x81\x07\xf4\x66\x17\x1d\x9e\x54\x24\xce\x94\x20\x31\x2c\xa3\xae"
	"\x2a\x2e\xac\xf5\xb2\x3c\xa7\x0b\x92\x37\x15\x67\xa5\xa2\xa2\x59"
	"\x91\xbc\xa6\x57\xd3\xff\x3c\x6c\x37\x0f\x53\xeb\x5f\x87\x9f\xf3"
	"\x38\x4b\x68\x35\x26\x64\xe8\x33\x71\x9d\xe6\x64\x21\xc7\x70\xb1"
	"\x96\xb4\x68\x6e\xe2\xe5\x02\x36\xbe\x21\xf9\x82\x0b\xa6\x96\x45"
	"\x8f\xb0\xa0\x25\x15\x2c\x6e\xa2\x7a\xe1\x6d\x6c\x04\xcd\x89\x62"
	"\x2b\xda\xcd\x55\x8e\xd1\x96\x6b\xca\x16\x4b\x35\x06\xc4\xb2\xf6"
	"\x0c\x15\x93\x9c\x45\x82\x28\xda\x24\x40\xfb\xb6\x47\xb8\xe3\x25"
	"\xb4\x15\xa4\x6f\x59\x12\x18\xb8\xeb\xb7\xa8\xab\x01\x47\x01\x6e"
	"\x80\xa1\x4a\x4a\x13\x0d\xc6\x73\x82\x93\x50\x74\x00\x93\x0b\x0d"
	"\xce\x69\xb9\x50\xcb\x1e\x26\x0b\x6b\x0c\xb9\x66\x5c\xe5\x91\x75"
	"\x6c\x1c\x18\xb5\x59\xd2\xbc\xa2\xa2\x6f\xcd\xa8\x28\x69\xde\x14"
	"\x3c\xa1\x40\x9b\x97\x3d\x24\x65\x37\x0d\x25\x22\xbf\x85\xef\xa6"
	"\xa0\xd6\x5e\x54\x0b\x45\xa2\x9c\xc2\xf8\x2b\x9a\xcb\xab\x73\x67"
	"\x59\xed\x29\xca\xa6\xae\x04\x8f\xa8\x1c\xde\x23\xc1\xe3\x26\x8b"
	"\xb9\xa0\x8d\xa2\x37\xb8\xe8\x5f\x27\x2d\xfc\x5a\xb1\x66\xb1\x2a"
	"\x26\x8f\xaf\x93\xe7\xdd\x61\xf2\xba\x3d\x74\x3d\x13\x9a\x76\xbc"
	"\xc4\xa4\xba\xfa\xf0\xf1\xe9\xf1\x8f\x8f\xdf\x77\x0f\x6f\x4f\xdb"
	"\xd7\x8f\xff\x53\x97\xa4\xa0\x78\xd4\x94\x48\xfa\xf1\xf7\x7b\x7d"
	"\xc7\x3f\xf4\x74\x15\xe7\xf9\x91\xbb\x10\x4f\x78\x86\x00\x2e\x6c"
	"\xd6\x5c\x64\xfd\x74\xa3\x9a\xe5\x89\x62\x40\x1a\xe6\xa9\xd7\x2b"
	"\x5d\xee\x5d\x0a\x4a\x92\x86\x95\x29\x87\xff\x1a\x45\x24\x76\x06"
	"\xa1\xf2\xeb\x64\xa1\xa5\xd5\x13\xd2\x7f\x7b\xe9\xc5\x0c\x2b\x99"
	"\x6a\x68\xb9\x82\x9d\xc0\x95\x14\x70\xe6\xe7\x47\xe9\x10\x0b\x2e"
	"\xa5\xbe\x91\x2c\xa7\x57\x1f\xac\xf9\xb7\x6d\xb0\x5f\x52\x79\x66"
	"\x0e\xd7\x8b\xe4\x2b\xe0\x6d\x06\xa7\xf7\xe1\xb7\x97\xed\xfe\xeb"
	"\x07\x1f\xac\x21\xb5\xe2\xfd\xf4\x61\x4f\x49\x9d\xab\x66\xc9\xa5"
	"\xc2\x0d\xbc\xfa\xf0\xbf\xcf\xbb\xe7\xed\xff\x7d\xe8\x19\x88\x54"
	"\xf6\xf1\xc8\x5b\xb9\x62\x55\x6c\xcf\xe0\x08\xab\xb8\x04\x6e\x29"
	"\xae\x6b\x5a\x53\xcf\x14\xcd\xda\x80\x87\xb8\xb8\x6d\x88\x02\xd9"
	"\xb2\xb4\x29\xa7\x4b\x52\x26\x39\xf5\x52\xae\x25\x85\x0b\xe7\xa1"
	"\x49\xea\xc4\xbe\x33\xfa\xb2\x69\x0e\xd3\x00\x98\x2c\xac\x3c\xb7"
	"\x47\xb1\xdb\x6d\x7a\xfa\xc4\xe0\xf8\x27\xaf\x6f\x7f\xbc\xfe\x78"
	"\x3d\x6c\xbf\xf7\x27\xd6\xdd\x5e\xe4\x0e\xcd\xce\x63\x81\x80\x20"
	"\xb9\xe4\xeb\x30\xc4\xdc\x13\x3f\x9c\xa6\x29\x8d\xb5\x84\x22\x69"
	"\x0a\xf7\x5d\x66\x7e\xbc\x82\x2d\x40\xe8\x30\xfb\x7e\x2e\x89\x48"
	"\x00\x04\x9c\xbd\x06\xa6\x96\xb4\x4c\xac\xbb\x0e\x5d\x12\x5e\x10"
	"\x56\xfa\xda\x9a\x25\xa3\x02\xf7\xea\x76\x3c\x58\x21\x19\x62\x06"
	"\x01\x23\xb2\xe6\xec\x3a\xca\x4e\x57\x44\x4f\xb9\x88\x41\x62\x99"
	"\xcb\xc2\x4a\x4b\x4e\xcb\x8a\x08\x49\xdd\x1e\xfa\x00\x63\x54\x18"
	"\x92\xd7\xd0\xb1\x49\x88\x22\xe3\xb9\xe8\x5b\xb9\xea\xcf\x78\x28"
	"\xa3\x91\x00\xec\x79\xa9\x86\xd2\x67\x49\x24\x74\x8e\xb3\x26\x12"
	"\x9c\x24\x31\x91\xea\x64\x6f\x07\x4d\xf3\x89\x7a\xfc\xbe\xdd\xbf"
	"\xfa\x58\x45\x93\x05\x1d\x00\x27\x6e\x8b\x72\xde\x2c\xef\xf0\x06"
	"\x17\xfa\xe8\x8e\xcc\x08\x8d\x20\x86\x19\x4f\x58\xec\xe1\x6d\xd3"
	"\x8b\xc1\xbe\xda\x7d\x4c\x6b\x5a\xbb\xec\x6b\x03\xad\x53\x01\x9d"
	"\x86\x5c\xa1\xb7\x4a\xab\x3d\x3d\xfd\xb8\xaa\x3f\xaa\xcd\xeb\x5f"
	"\x93\x03\xac\x63\xb2\x79\x7e\x98\xbc\x1e\x36\x87\xd7\xc9\xe6\xfe"
	"\x7e\xf7\xf6\x7c\x78\x7c\xfe\x36\x58\x10\x74\x68\x48\x1c\xf3\xba"
	"\x54\xe6\xf0\x8e\xb3\x59\x31\x10\xa6\x2e\x18\xb7\x30\x20\x5a\xf5"
	"\x89\xf9\x09\xc9\x78\x09\x0c\xb2\x26\xb9\xf2\x0a\x80\x48\x26\x5a"
	"\x69\x50\x90\x20\x40\xc0\x27\x01\x51\xf4\xa2\x9a\xb4\x4e\x1b\x9b"
	"\x8c\x86\xd6\x9d\x06\x80\x1b\x4f\x1b\xe3\xee\xfc\x3a\xc9\x26\x99"
	"\x3d\x59\xf8\x3c\x4a\xce\x84\x49\x54\x0b\xc9\x48\x98\x88\xb8\x9e"
	"\xc8\x31\x87\x54\x82\xd2\xa2\x02\x0d\x14\x5b\xf6\x22\x7c\x80\x7e"
	"\x01\x5e\xb0\xe6\x23\x1d\x0c\x05\xdd\x86\x4d\xb8\xe0\x31\x1d\xd8"
	"\x83\x3c\xef\x99\xcd\x82\x18\xab\x81\x2e\xe2\x48\x2b\x50\x07\x96"
	"\x92\x92\xd7\xea\xea\x62\x3e\x6e\x04\xc9\x45\x52\xcb\x2a\x34\x10"
	"\xa9\x8e\xdc\x76\xdc\x17\x84\x44\x9c\x7b\x15\x94\x9e\x00\x8f\x23"
	"\xe4\x96\x81\x7a\x05\xd3\xb3\x3c\x8b\x2d\x89\x91\x99\x3f\xc6\x2d"
	"\x9a\x07\xec\xe6\x25\xc8\x13\xc7\xa0\xcb\x39\x12\x4d\x3b\xb3\xfb"
	"\xb3\xad\x40\x4b\xc9\x41\x46\xa5\x79\x2d\x97\x70\x47\x41\xe7\xa9"
	"\x2a\xaf\x17\x5e\x65\xba\xd0\x4c\x0d\xd6\xb0\x4b\xec\x38\x0b\xb0"
	"\x23\xb3\x46\x92\x94\x0e\x07\x3c\x1f\x0a\x12\xc3\xd8\x5a\x9c\x74"
	"\xf7\x2f\x25\x4c\x4c\xe4\xfd\x9f\x5b\xb0\x5c\xf6\x93\xc3\xdb\xf3"
	"\xe6\x0f\x30\x61\x2c\x16\xa1\xc0\x57\xb5\x62\x39\x48\xaa\x3c\xcd"
	"\x19\x8c\x72\x7e\xe6\xf0\xdf\x18\x61\x76\xe1\x57\xc9\x63\xcc\x4b"
	"\x9f\x1a\x75\x6c\xb6\xb2\x06\xb3\x32\x22\x39\x29\x63\xe7\x16\xc4"
	"\x0b\xc1\xeb\xca\xda\x6c\xed\xe0\xe8\xdb\x62\x1b\x93\xa0\xe1\xe3"
	"\xc5\xe0\xb3\xb3\x23\x46\x6d\x60\x09\xe9\xeb\x63\xb1\x44\x9e\xb5"
	"\x23\xd9\x4b\x4e\x28\x5a\xf2\x3d\xcc\x67\x5f\x68\x40\xb3\x06\xf7"
	"\x80\x46\x24\xce\x86\x13\x37\x47\x61\x99\xb6\x70\x0c\x8d\x0b\xe9"
	"\x99\x25\x05\xb1\x0f\x3a\x6d\xcd\x12\xb5\xf4\xee\x2c\xc8\x3d\xab"
	"\xaf\x17\xa5\x1d\xb6\x62\x89\x3c\x05\x17\x60\xc5\x87\x97\x93\xc2"
	"\xc5\xbf\xb3\xb7\x17\x18\x53\x52\x5b\xca\x69\x63\x1a\x06\x69\x21"
	"\xce\x32\x0c\x8d\x84\xae\x58\x4c\xc3\x63\x40\xc7\x56\x16\x8e\xe6"
	"\x4e\x45\x1a\xee\x17\x55\xa9\x77\xb4\xc8\x7b\xab\x24\x8f\xb3\x23"
	"\x8e\xd1\xe8\x03\xf1\xaf\x1d\x82\x58\xe5\xfe\xdd\x5a\xd2\x38\xd3"
	"\x1e\x1c\xaa\x34\x05\xa8\x3e\x05\x08\x36\x2c\x98\x14\xb1\xed\x71"
	"\xd4\xc8\xd2\xd2\x1e\x0d\xb6\x49\x40\x93\xff\xc6\xc0\x46\xba\xa0"
	"\xa3\xcf\xa5\x06\x64\xcc\xa4\xd1\xa0\x0e\xb1\xa4\xc1\x50\x75\x49"
	"\xc7\x26\x37\x4c\xa2\x41\x19\xb1\x00\xe5\xb4\x26\x82\x0e\xac\x6c"
	"\x60\x40\x70\x97\x05\x8d\xc1\xf1\xf3\xb3\x17\xba\xb5\xb7\x9e\x41"
	"\xf1\x92\xc0\x89\x6b\x47\x43\xd8\xe6\x20\x7e\x93\x02\x08\x1b\xb3"
	"\xca\x71\x2f\x7a\xa0\xb6\xd5\x7c\x0a\xfc\x88\xc1\x16\x25\x1e\x94"
	"\xcc\x18\xb0\x27\x38\xed\x96\x26\x49\x9a\xc5\x1d\xab\x9c\x86\x08"
	"\x1a\xce\x9c\x96\xfc\xae\x70\x0e\x1f\x9a\x6e\xee\xfc\x4b\x44\x64"
	"\x1e\x06\xcd\x7d\xbc\x19\x37\xbc\x02\x4b\x83\xdd\x51\x5c\x8b\x66"
	"\x61\x2e\x0a\x10\x66\xce\x16\x0f\xd1\x24\xfc\xe1\x3b\x41\x30\x2f"
	"\x55\x3e\xf0\x30\x6a\x96\xcc\x2e\x2c\x4d\xad\x71\x40\x81\xc7\xb4"
	"\x42\xeb\xdc\x84\x34\x2c\x89\xa6\xaf\x49\xfb\x31\x54\xf3\x03\x5a"
	"\x05\xb0\x06\x43\xfe\x74\xd8\x61\x41\x15\x7a\x05\x8d\xc7\x71\x71"
	"\x38\xc6\xe3\xf0\xb4\x93\x0b\xf7\x34\x5e\xdb\xd1\x42\xec\x22\x02"
	"\x80\x2c\x6f\x0b\x4f\x4b\x33\x18\xa0\x6f\x8f\x40\xbf\xd6\x8a\xe2"
	"\x8e\x83\x44\xf1\x0c\x75\x44\x8d\xc0\x47\x3f\x86\x65\x6c\x49\x86"
	"\x7a\xd5\xb6\x0e\x2c\xde\xa2\x79\xaa\x05\x84\x05\x46\x2a\x68\x09"
	"\x5b\x32\x1d\xc6\xbf\x19\x7c\xc2\x95\xb6\xa8\x54\xdc\xc6\x97\xc0"
	"\xcb\xa0\x18\xad\x5b\xa2\x37\xc2\x6e\xd0\x4e\x80\xdd\x00\xc7\xd9"
	"\x8c\xbc\x0e\x6c\xfc\x17\x38\xf6\x24\x5f\x93\x5b\xd9\xd8\xa6\x97"
	"\x5c\x3a\x71\x13\xc2\x2c\xff\x9b\x24\x2b\x06\x8b\x68\xc9\x39\xd2"
	"\x05\x29\xd6\x25\x6c\xc9\xea\x28\x32\x78\xea\x13\xc6\xc8\x2d\x1a"
	"\x6e\x4f\xb2\x8a\x59\x73\x5d\x33\x91\x49\x9f\x77\x6c\x75\xc1\xd0"
	"\x20\x77\xb5\x77\x44\x84\x60\xb6\xca\x81\x26\x9a\x24\xb6\xee\xd4"
	"\xa4\xf0\x66\x35\x47\x0f\xab\x97\xa0\xf1\x6c\x3a\x1f\x99\xc3\x6d"
	"\xec\xb5\xda\xee\xbf\xee\xf6\xdf\x37\xcf\xf7\xdb\x09\xfd\x7b\xfb"
	"\x0c\x6e\x07\x01\x07\x24\x46\xc7\x03\x7c\x2a\xdb\x08\xf2\x13\xc7"
	"\x66\x2d\xbf\x25\xb8\xbe\xfe\x68\x81\xb1\x15\x3a\xcc\x66\x55\xc0"
	"\xd6\x72\x9f\x87\xb5\x2a\xcc\x08\x9d\x0d\xe3\x4a\xf7\xbc\x8e\xc6"
	"\xba\xcc\x05\xb7\x76\x8c\xbe\x7b\xbc\xf4\xab\xad\x36\xba\x2a\xb2"
	"\x00\x19\xe2\x8b\x6b\x20\x75\x77\x32\xdc\x8f\x46\x70\x12\x62\x41"
	"\x3b\x1e\xb1\xd8\x0e\x61\x68\x3d\xa0\xb1\xdf\x08\x30\x66\x78\x11"
	"\x82\x62\x14\x01\x74\x51\x62\xc3\x6b\x6d\xaa\x83\x8d\x27\x14\x23"
	"\xb9\x23\xed\x14\x2d\xb4\x06\x6f\x56\x60\xe2\xa6\x2c\x1e\xc4\x24"
	"\xc0\x20\x49\x59\xee\x98\x8e\x5a\x22\x6a\xe5\xed\xec\x71\x66\xa2"
	"\x83\x9e\x95\xfd\xab\x2e\xaa\x06\xe6\x48\x5d\x61\x06\xfe\x1d\xd8"
	"\xd4\x19\x85\x2b\x26\x41\x20\x04\x82\x61\x7d\xd0\xb1\x77\xb5\x91"
	"\x61\x75\x84\x15\xae\x28\x5c\x7a\x54\xdc\x31\xba\x93\x9e\xee\x1a"
	"\x97\xa6\xb0\x30\x86\xcc\x51\x97\x6e\x8f\xc1\x2d\xc8\x86\x11\x4e"
	"\xd3\x2a\xa8\xf2\x02\xf4\xfd\xd3\xdb\xb1\xe4\x3c\x1b\x00\x31\x9e"
	"\x8b\xa9\x01\xb6\xa8\x79\xed\x09\x53\x4b\xd8\x14\x0c\x08\xb4\x91"
	"\x14\x4f\x94\x08\x81\x28\xe2\x60\x7b\xd4\x28\xd8\x8c\x81\x0f\xd0"
	"\x75\x8a\xa5\xb7\x9d\x0d\x30\x46\x80\x8e\x6d\x90\x6e\x30\x39\x41"
	"\x17\x20\xe4\xcb\xc4\xa4\x05\xda\xcd\x68\x88\x2d\x5d\x35\x5e\x9c"
	"\xfb\x96\x05\x78\xe6\x36\x0d\x60\xcb\x35\xdc\x0d\x4a\x8c\x65\xe7"
	"\x13\x30\x38\xac\xaf\xdd\x08\x01\x3d\x95\xa4\xb6\x63\xde\xfd\x36"
	"\x3b\x4c\xe4\x2c\x05\x9c\x51\x13\xcd\xc5\x2b\x10\x04\xb2\x72\x05"
	"\x47\x9f\x38\xa1\x77\x43\xbd\x65\x08\xa9\x44\x1d\x2b\xed\x07\x0d"
	"\x37\xa1\xa8\x30\x65\x61\x62\xaf\x01\x58\xc2\xeb\x28\x1f\x1e\xc1"
	"\x9a\x68\x79\xa4\x85\x06\xab\xe2\xc6\xc4\xc7\xba\xc8\xae\x67\x91"
	"\x92\xc6\x88\xde\xc0\x95\x73\xdc\xb0\x50\xbb\x49\x48\x80\xf9\x83"
	"\xce\x2f\x73\x2d\x5a\xab\x39\x74\x2f\x00\x43\x6f\x3a\x30\xb7\xa2"
	"\xb1\xb2\x55\x87\x0f\x64\xdb\x5b\x2e\xb0\x29\x79\xe9\x97\xdf\x63"
	"\x54\xe0\x81\x3a\x27\xc2\x6f\xed\x0d\x70\xe1\x4c\xb8\x23\x7a\x96"
	"\xac\xd4\x3b\x05\xa6\x86\xb3\xd8\x5c\xf1\x77\x5d\x61\xc0\x01\x7e"
	"\x26\x36\x3d\x17\x01\xa9\xe7\x76\x44\x1d\x7b\xe0\xca\x06\x23\x19"
	"\x2a\xef\x8e\x07\x4a\x2d\xe1\x6b\xcc\x2f\xe5\x66\x5d\x96\xe1\xcc"
	"\xab\xa6\x5d\x25\xda\x98\xc3\x31\x46\x3d\x83\x07\x08\xf2\x85\xde"
	"\x28\x2d\x83\x32\x47\x48\x6b\x70\x20\xa2\x37\xc0\xf2\x47\xf3\x6c"
	"\x8c\x82\xe3\x45\xad\x13\x6f\x73\x91\x04\xa4\x62\x89\xf1\x60\x14"
	"\xba\xcb\x7a\x41\x3d\xd7\xca\x48\x29\x80\xa1\x56\xaf\x46\xb4\x93"
	"\x76\x3b\x2b\x1a\xa3\x5e\xb2\xac\x1a\x9e\xd4\x39\x95\xc6\xe9\xca"
	"\x53\x6d\x7b\x7a\x64\x9f\x06\x69\x4d\x09\xde\x80\x6f\x68\x27\xfb"
	"\x3a\x20\xe0\xc2\xfa\xb4\xad\xa7\xb7\x95\x72\x0d\x11\xb1\x51\x66"
	"\xb3\x81\x22\xeb\x26\xec\x0f\x4d\x30\x49\xc0\x74\xd6\xa2\xd9\x77"
	"\x63\x72\xcc\x51\x62\x80\x04\xbc\xce\xc4\x1a\x9f\xe7\x09\xda\xc3"
	"\xb2\x86\xed\x2b\x93\x73\xeb\x5e\x9b\xa9\xb4\x70\x12\xb7\xda\xbe"
	"\xbf\xaf\x15\x86\xf6\x2c\x8d\x99\xa6\x41\xf1\xa1\x67\xbe\x6a\x53"
	"\x9a\x36\x7b\x3b\x6d\x7d\xba\x06\xd1\xb9\xf6\xaa\x48\xde\xa5\x29"
	"\xc5\xfa\xc6\xbb\xee\x10\x72\x67\x1b\x85\x6e\x9f\xd6\x7a\x0a\xd4"
	"\xa7\xb2\x3a\x59\x82\x34\x0c\x1a\x76\x37\x6c\xe6\xed\xee\x03\x09"
	"\xcc\x68\xd6\xb8\x61\xb5\xeb\x53\x55\xa4\x04\x65\x0e\xb7\xfc\x88"
	"\x41\x85\xe0\xe2\xd4\x02\x30\xa3\x79\xcc\x3c\xc6\x7c\xf5\xdb\x1f"
	"\x9b\xd7\xed\xc3\xe4\x2f\x63\x76\xbf\xec\x77\x5f\x1f\x9f\x9c\xc8"
	"\xfe\xb1\x27\x62\xb7\x36\x1b\x6d\x1c\xa7\xc6\xc9\x5d\x1b\xdb\x64"
	"\x49\xf1\x7a\x5a\x4b\x80\x95\xa1\x93\x65\xdb\x39\xda\x2f\x93\x68"
	"\x75\x5f\x4d\x07\x17\xd0\x5e\x64\xbb\x23\x3a\xde\x00\x7a\x92\x24"
	"\x9e\xe5\xb5\x38\x75\x89\xf0\x60\x67\x03\xf6\x77\x6f\x35\xa7\x6f"
	"\x64\x29\xe2\x63\x56\x34\xf7\x07\x9d\x3a\x4c\xb6\x38\x05\xc6\x0b"
	"\x22\x06\xb6\x64\x9f\x78\x16\xac\x80\x19\x82\xe4\x49\x9a\x0c\xbd"
	"\xdf\xe0\x32\xa5\x89\xf2\xe7\x60\x17\xda\xa6\x5b\xd4\xc6\x8e\xad"
	"\xf0\x8e\x8c\x25\x83\x13\xbf\xae\xa9\x1d\xc7\xef\x02\x3f\x91\x74"
	"\x52\x2b\x56\xf3\x20\x89\x3a\x42\xc1\xf2\x88\x85\x60\xea\xf6\x24"
	"\x16\x16\x39\x24\x27\x31\xc0\x3c\xe5\x4a\xa1\x0b\x10\x44\x8b\x8b"
	"\x04\xe0\xd4\xd8\x37\x22\x88\xb6\x8e\x54\x10\x86\x3b\xca\x2b\x92"
	"\x07\x62\x60\xa0\x98\x71\x00\x5a\xc6\xe2\xb6\x72\x3d\x14\x2f\xb8"
	"\x49\x81\x0b\xda\xc0\xb1\xbe\x46\xd5\x66\x7f\x78\xc4\x1a\xa1\x89"
	"\xfa\xf1\xe2\x04\xe8\xd1\x27\xd2\x5d\xc0\x7f\xc7\xc0\x92\xc3\x9a"
	"\x24\xe6\xa2\xec\x71\xfc\xa2\x8a\xdd\xbc\x83\xc1\x65\xfa\x1e\x8d"
	"\x02\x84\xf1\x7b\x38\x8a\x08\xf6\x0e\x4e\x41\x62\x3f\x46\x07\x97"
	"\x09\x97\x3d\x86\xc3\x5a\x32\xc1\x04\x58\xa6\x6d\x6c\x3f\x71\x56"
	"\xc2\x52\x65\x1d\x9d\x9e\x83\xe4\x60\xde\x31\xd9\xdc\x5c\x5e\xbc"
	"\x33\xdb\x1a\xe8\x61\xb8\xf4\x9d\x71\xf3\xa4\x78\x87\x90\x5c\xbc"
	"\xb7\x31\xa0\x32\xc4\xbb\xe7\x24\xeb\xf7\xce\x3a\x23\xa2\x20\x27"
	"\x77\x98\xa6\xcc\xbf\xbf\x58\x6d\x71\x71\xf9\x0e\x7d\xeb\x26\x05"
	"\x47\xd0\x32\xa4\x55\xe4\xee\x35\x28\xae\x31\x56\xd4\xb1\x3c\xe3"
	"\x3a\x31\x85\x35\x35\x76\x30\x86\x71\x13\xc9\x2e\x39\xaf\xec\x5a"
	"\x22\xd3\x9a\x80\x2b\x8a\x33\x18\x43\xe2\xd4\x4a\xeb\xc3\x47\x9b"
	"\x32\x69\xc1\x6e\x7e\xa7\x4d\xa7\xb6\xb4\xfc\xf5\x3f\x1a\xc5\x10"
	"\x1d\xf5\xc4\xb9\x9d\xe8\xd5\x8d\xf9\xe1\xfe\xeb\xbf\x8f\xd5\x2d"
	"\xb0\xf8\xf0\x22\x2c\x60\x76\x1b\xb9\x11\xd9\x0e\x10\xa5\xd7\x3e"
	"\xa5\x2c\xcb\x99\x15\xe1\x2d\x5b\x51\x23\x2b\xf0\x44\x50\x57\xd9"
	"\xe2\xdc\xb5\xff\x89\x02\xd3\x33\x6e\x44\xb1\xb6\x43\xc2\x18\xc4"
	"\xd4\x9d\x41\xe2\xf0\x75\x69\x7b\x73\xa6\x3a\x2e\x00\xd4\x87\x1e"
	"\x80\x75\x71\xc0\x46\x97\xeb\x24\x40\x48\x17\x5c\xf4\x08\xa1\x76"
	"\x33\x62\x25\x30\x55\xde\xe6\x2d\x3a\xef\x31\x63\xcd\x92\x25\x09"
	"\x2d\x9b\x05\x98\x84\xa6\x55\x0e\xe0\x20\x5f\x41\xcf\x71\x2c\x2c"
	"\xb3\xe2\xb4\xc7\x24\x97\x11\xbc\x4f\x9b\x03\x46\x09\x61\x4f\x9f"
	"\xb6\xf7\x6d\x95\xa6\x6b\xe6\x19\x2b\x54\x86\xed\x40\xb8\x97\x37"
	"\x2c\x0c\x26\x79\xc5\x02\xee\xa7\xe9\x9e\x14\x17\x17\xd3\x30\x3c"
	"\x8a\x8b\xb3\xcb\xf3\x4f\x27\x11\xc0\x7f\x17\x3c\x3e\x81\x42\x05"
	"\xf0\xc5\x09\xb8\x88\x0b\xa9\xa2\x30\x02\xbd\xb9\x2d\xf9\x89\x3d"
	"\xc8\xc9\x2d\xd8\x37\x31\xa9\x4e\x2c\x34\x5f\xcc\xb2\x30\x74\xc9"
	"\xe4\x89\x4d\x2c\x68\xc2\x88\xa2\xd9\x29\x0c\xc9\x4f\xac\xb0\x58"
	"\xd1\xa8\x0e\x59\xb5\xd7\xb1\x0e\x58\x0e\xce\xa5\xb8\x9c\x7d\x9a"
	"\x9e\x3c\x37\xb9\x14\x2c\xa3\x41\x57\xbb\xb8\x00\x02\x23\xba\x70"
	"\xf1\x02\x26\x60\x3b\x17\x39\x9f\x7e\x7a\x07\x7e\x1e\x1c\x33\x01"
	"\xb7\x6e\x51\x31\x3a\x1a\x16\x14\x4c\x99\x51\x75\x72\x3d\xf3\xb3"
	"\x2f\xeb\x30\x82\xa0\x24\x3f\x79\x04\xc0\x82\x59\xbc\x64\xd5\x89"
	"\x31\x28\x01\x63\x8d\x9e\x1a\xa3\xa4\x92\x9c\xba\x6c\x0a\xeb\xd2"
	"\x6e\x66\x27\x0e\x06\x0d\x4b\x72\x82\x42\x25\x92\x13\x9d\x97\x75"
	"\x99\x04\xac\x44\x1b\xe1\x2c\x8c\x01\x52\xb8\xc2\x8a\xb7\x30\xc6"
	"\x8a\xde\x84\xad\x78\x83\x51\xe7\x31\x39\xc1\xce\x37\xe8\x2b\x85"
	"\xc1\x77\x27\xdc\xd6\xbb\xdb\xf2\xba\xa8\x46\x59\x93\xe8\x0d\xcb"
	"\xcc\x5e\x5e\x76\xfb\x83\x65\x7e\xc6\xcc\x4d\xf4\x98\xb2\x3b\xe9"
	"\x6d\xec\xfc\x37\x17\xe8\x49\x14\x42\x33\x45\x25\x14\xd5\x3e\x0f"
	"\x05\x3b\xe9\x98\x82\xb7\x56\x19\xa1\x85\x64\xa3\x06\xb7\x56\xd0"
	"\x1e\xea\x44\x66\x05\xa1\xc8\xd5\xa0\x77\xda\xea\x10\x9d\x63\x0f"
	"\xe2\x4a\x55\x47\x41\x20\xe3\xab\x20\x0c\x74\x58\x18\x46\x24\xf3"
	"\x33\x64\x5b\x36\x84\x58\xa3\xe3\x4a\xb6\xaf\x8f\xdf\x9e\xd7\x9b"
	"\xfd\x76\x82\xe0\x78\x07\x7f\xc8\xe3\xf1\x39\x5b\xdd\x24\xeb\xa6"
	"\xca\x89\x0a\xce\x20\x28\x7a\x75\x6f\x14\x8e\x61\x68\xc6\x84\xab"
	"\x58\x8c\x5a\x85\x29\xfd\xb9\x7b\x3d\x4c\xee\x77\xcf\x87\xfd\xee"
	"\x09\xab\x8f\x1e\xf6\x8f\x7f\xbb\x79\x37\x7d\x72\xc5\xf0\xb8\xa0"
	"\x09\x0f\x34\x3c\x5b\x2e\x55\xc7\x6a\x41\xa4\xf0\xfd\x38\x92\x68"
	"\x2f\x72\x53\xd1\xe2\xe7\x10\x69\x4c\x0a\xef\x4a\xe9\xf3\xc3\xcb"
	"\xee\xf1\x79\xb8\xf1\xc0\x52\x89\xce\x35\x78\x3b\xbd\xfe\xf3\x78"
	"\xb8\xff\xd3\xbf\x41\x2e\xd3\xad\xb1\xb6\x5e\xc5\x4b\x45\xc3\xeb"
	"\x05\x24\x3c\xa7\x16\x33\x94\x12\x4d\xb7\x9b\xc3\xdb\x5e\xfb\x97"
	"\xba\x19\xdc\x85\xc9\x76\xbf\xdf\x1c\x36\x93\x7f\x76\xfb\xbf\x36"
	"\xfb\xdd\xdb\xf3\xc3\xeb\xe4\xef\xc7\xcd\xe4\xf0\xe7\x76\xb2\x79"
	"\x3a\x40\xbf\xcd\x01\xa6\xf5\x3a\xf9\xba\xdf\x7c\xdf\x22\xd6\xe0"
	"\x19\x0b\xc6\x8b\x88\xaa\x8b\xe6\xf2\xec\xe2\x7c\xf6\x65\xf8\x32"
	"\xa5\x87\x7e\x3e\x09\x9d\x4f\x2f\xc2\xd0\xd9\x97\xf9\xe7\xb3\x20"
	"\xf4\xfc\x6c\xfa\xf9\x53\x10\x3a\xff\xf4\x59\x8f\x6b\x09\x41\x17"
	"\x7e\x3e\x9f\x7d\xf1\xaa\x53\x1b\x6d\x36\x3d\x9b\x7f\x9e\x5d\x86"
	"\x46\x99\xcd\x2e\x2f\x2f\x3f\x9f\x87\x87\x99\x9d\x5d\x5e\x5c\x4e"
	"\x3f\xfb\x82\xa4\x64\xc5\x00\xa1\x43\x3c\x3b\x3b\xb7\x17\x33\x84"
	"\x9e\xcf\x3e\xcd\xc3\xd0\xcf\xf3\x4f\x17\x41\xe8\xf9\x74\x36\xb3"
	"\x28\x6b\x76\x49\x49\x9e\x71\x61\xad\x72\x7a\x3e\x5c\x22\x3e\x52"
	"\x20\xe0\x4b\x95\x60\xa0\xd3\x0a\xf4\x77\xa3\xf2\x88\xbd\x4b\xe7"
	"\xcb\x00\xe3\x3a\x49\xe1\x8c\xa7\x47\x94\xe9\xf4\xe2\x9d\xc9\xd0"
	"\xd9\x74\x3e\x1b\xce\x66\x9e\xe9\x14\x98\x1c\xef\xf4\xec\xa2\x05"
	"\x05\x34\x1f\xe2\x5c\xcc\x3d\x38\x0e\xc6\x8a\x98\xd7\x49\xe7\x1e"
	"\x96\xe9\x60\xf3\xcb\xf7\xba\x5f\x9d\x7f\x71\x63\xd6\x11\xba\xde"
	"\x25\x98\xb0\x65\xb0\x74\xab\x88\xc7\x05\x5f\xb2\xf0\x45\x92\x4b"
	"\xa1\xeb\xef\xae\xfa\xb0\x7f\xab\x27\x9c\x7a\x57\x63\xb6\x1b\xa5"
	"\xd6\xbe\x84\x68\xf1\xde\xc3\x11\x14\x53\x27\x03\x2c\x18\x14\xcc"
	"\x4a\x7e\x05\x8c\x3c\xb5\x4a\xc4\x6b\x6f\x41\xe1\x92\x63\x88\x11"
	"\x9c\xc1\xbb\x41\xea\xa8\x2b\x49\x0e\x26\xe4\x3a\x84\x15\xcf\xeb"
	"\x52\x11\xe1\xab\x3a\x6b\x71\xec\x2a\x00\xd3\x49\xc7\xaf\x07\x55"
	"\xef\xc0\x8a\x7e\xdd\x7a\xd7\x9c\xb9\xd6\x7d\x0f\x38\x9f\x4e\xc7"
	"\x54\xfc\xb8\x57\xe7\xfd\xbb\x33\x73\x66\x4b\x81\x85\xec\x21\xaf"
	"\xbb\x2d\x18\x01\x1e\xd4\x56\x87\x27\xbe\x6f\xf6\xce\x9c\x06\xbe"
	"\x92\xca\x87\xa4\x74\x18\x13\xe0\xed\xc1\x05\xc1\xa3\x32\x8d\xd6"
	"\x02\xcf\x69\xdc\xa5\xdd\x9b\xc1\x00\x7d\xde\xa4\x4a\xcb\x46\x67"
	"\xa4\x2d\xe0\x7a\x50\x29\xd3\x47\x8e\xfa\xf5\x61\xc2\x0c\xe4\x43"
	"\x2a\x7d\xb9\x66\x9d\x4d\xab\x8a\xc4\x14\xd4\x78\xd6\x1e\x13\xd8"
	"\xc2\xc6\x44\x30\x9c\xb4\xd8\xc9\x59\xf7\x4b\x2e\x48\x59\x13\x1f"
	"\x64\x98\xbe\x33\x74\x2a\xfd\x8c\x45\xf9\x28\xd1\x1b\xbc\x06\xd4"
	"\x07\x5a\xc1\x7f\xc5\xb1\x9c\xf8\x04\xc6\x78\xd0\x41\x7c\xbd\xe4"
	"\x58\xc3\xae\x9c\xf9\xb5\x53\x63\x18\xa6\x1c\xc6\xe8\x34\x99\xb6"
	"\x87\x79\x07\x56\xc2\x4e\xf8\x83\xa1\xce\x8d\xf7\x09\x9d\x2a\x67"
	"\xaa\xa9\x94\x89\xd6\xa1\x38\x99\x3b\x49\xb8\xd8\x0d\x63\x7b\xde"
	"\x03\x9d\x78\xa1\x1a\xc1\x45\x74\x6b\x20\x33\x59\x9c\x88\x98\xe9"
	"\xfd\x2c\x30\x79\x0e\xe4\xae\xce\xcf\x3e\x5f\x5c\xfa\xaf\x4f\xbb"
	"\xac\x94\xb0\xbc\x76\xeb\x58\x5d\x48\x20\x3d\x32\x4e\xfa\x86\xdd"
	"\x24\xe4\x58\x4c\xba\x57\xba\x78\xdc\x1f\x0e\xcd\x29\x29\x35\xcf"
	"\x7a\xc1\xa9\xe0\x40\x62\xd0\xf9\x18\x49\x75\xea\x52\xe1\x33\x58"
	"\xcc\x8c\x30\x98\x34\x91\x57\xd6\x13\x83\xbb\x8a\x73\x7f\x10\xe1"
	"\x2e\xaa\x7d\xf9\xa9\x3b\x59\x74\x12\xa7\x17\xb6\xed\xbb\x4a\xd8"
	"\xfd\x2a\x94\x40\xe9\xfa\xe9\x82\x28\x0f\xdd\x2e\x67\xa7\x5f\x6e"
	"\x82\x0f\x04\xb7\xc6\xe6\x7c\x53\xdb\x0f\x42\xa5\xc4\xac\x07\xa6"
	"\xfd\x04\x8d\x73\xc2\x1c\xab\xdf\x94\x12\x61\x85\x7f\x57\x29\xe0"
	"\x19\x28\x15\xf8\xea\x72\x35\xaa\xf6\x30\x25\xa0\x7a\x7a\x7e\xd5"
	"\xaf\x6f\x4d\xce\xd7\x1d\x8b\x64\xf8\x9e\x58\x78\xf5\x8a\x79\xf5"
	"\xe3\x99\xa1\x49\xfe\x99\x8d\x80\x63\x2d\x74\x8a\xf2\x8e\x7b\x83"
	"\xc7\xb9\xa8\xdd\x32\x86\xb6\xc1\x7a\x7f\xd0\xe7\x0e\x5a\xd0\x68"
	"\xf6\x8e\x55\x81\x83\x61\xfc\x54\xbf\xa8\x1d\x5a\x44\x08\x34\x4f"
	"\x6d\x75\xa9\x50\x81\x02\xed\xcb\xa0\x32\xc7\x4d\xf8\x0a\x82\x95"
	"\x17\x7e\xf5\xdb\x02\x87\x15\x17\xfe\x6c\x03\xbd\x09\x78\x24\xb1"
	"\x20\x72\xa9\x6b\xa5\xbc\xe0\x1b\x1a\x48\x44\x65\xf9\xbc\x59\xd4"
	"\xfe\x4a\x3b\x73\x04\xf8\x4e\x06\xf7\x9d\x0b\xf0\xc8\x9c\x6a\x85"
	"\xba\x44\x21\xd2\xa6\xce\xc1\x4a\xa5\xb9\x57\x63\xeb\xf2\xc3\x26"
	"\x02\x51\xa0\x1f\x07\xd3\x84\x8d\x18\x0a\x4b\x83\xb5\x0c\xcf\xc9"
	"\x2d\xaf\xd5\x09\x7b\x52\xca\xc8\x9b\x0b\x66\x8a\x2d\xf0\xc9\x36"
	"\x56\x87\x80\x1e\xe9\x86\x03\x3f\x5b\x39\xc5\x6e\x86\x8a\x22\x8b"
	"\x05\x96\xfc\xa1\x28\x25\xb6\x69\x0d\xe0\xd5\xa5\x55\x9b\x6f\x3f"
	"\xb6\x06\xfd\x53\xd4\xf9\x40\x24\xc7\xd5\xec\x53\xd3\xd6\xd4\xfa"
	"\xe0\x92\x2a\xb0\x42\x7d\x90\x76\x3d\xeb\x46\xa9\x48\x4c\xb1\x2a"
	"\xa0\x8b\x90\x03\xe4\xef\xcb\xdf\x67\x93\xcd\xfe\xfe\xcf\xc7\xc3"
	"\xf6\x1e\x1c\xc8\xcd\xd3\xe4\x6b\xef\x49\x3a\x14\xc0\x48\x20\x69"
	"\x12\x15\xe3\x1f\x28\x28\xc7\x06\x75\x0e\x3c\x6d\xd2\x10\xa7\x8c"
	"\xf6\x95\x2b\x5e\xad\x49\x9d\xfd\xe4\xa4\x6a\xc2\xc7\x83\x57\x05"
	"\x2d\x82\x37\xae\xcb\xb6\x6b\x4b\xa3\xc9\x89\x58\xd0\xe1\x8a\x5a"
	"\x94\x2a\xb7\x6d\x21\x41\xb1\x0a\x4f\xb9\x86\xc1\xb1\xcc\x47\x97"
	"\x2b\xf8\xda\xbb\x8a\x0d\xba\xd0\xc9\x61\x53\xa2\x61\xa2\x72\x3b"
	"\x98\xde\xee\x05\x13\x13\xd6\xb2\xda\x3c\xdc\xd5\x87\xfb\x6f\xe0"
	"\xb2\xbf\x34\x0f\x8f\xaf\xf8\xb0\xeb\xea\x05\x16\xff\x0a\x3b\x30"
	"\x01\x5f\x7d\xb7\x7b\x79\x6d\xbe\x6f\xbf\x43\xd3\x76\xff\xf7\xf6"
	"\x6a\x5e\x7c\x18\x27\xf2\xb4\x2c\x43\x8b\x02\xab\x1a\xbc\x42\xb1"
	"\xc3\x04\x83\xc8\xbc\xf8\x1d\xd3\x18\xbe\xe2\x18\x61\x2c\xd7\x31"
	"\x18\x34\x8d\xcc\xea\x13\x03\xb4\x48\x20\x84\x13\x2c\x74\x04\x64"
	"\x7b\x30\x9a\xfa\x03\x42\xe6\x55\x9f\x39\x11\xd0\x62\x30\x45\x4c"
	"\xb0\xa9\xa8\x61\xc5\x40\xbb\x7b\x3a\xb4\xc2\xa2\xab\xa9\xc0\xbd"
	"\x6f\xdf\x94\x78\xe9\x83\x4d\xd3\x62\x62\x9e\x4e\xf7\xf5\xbd\x3c"
	"\x10\xb7\x1c\x98\xab\xb6\x1c\xe7\xe1\x23\xc4\x56\x70\xab\x06\xdc"
	"\x2c\x61\x7e\xd4\x41\x1f\x76\x0d\x27\xf5\xfa\xb2\xb9\xdf\x4e\xfe"
	"\x78\x7c\xde\xec\x7f\x4c\x74\xfd\xfa\xc1\x3a\xf8\x08\xac\xbe\x02"
	"\x65\x5b\x3a\xaa\x99\xf2\x81\xe0\xa3\x7d\xc7\x60\x15\x89\x63\x42"
	"\x1b\xab\x55\x3b\xe3\x0b\x2b\xd1\xda\xc7\x8d\xbe\xfd\x32\x64\x65"
	"\x2c\x58\xa5\x46\xc6\x28\x09\xc9\xc7\xb6\x5b\xc1\xa4\xaf\x1a\x1e"
	"\x27\xe1\x56\xd2\x1e\xf3\xc5\x26\x3e\xb6\xfb\x67\xbb\x9f\x7c\xdf"
	"\x3c\x6f\xbe\x6d\xbf\x6f\x9f\x3d\x37\xa0\x2d\x1d\xb3\x44\x9b\x69"
	"\x18\x3f\x62\xeb\x00\xfa\x0d\x91\xbc\x2d\x1d\x0b\x68\xc9\x22\x38"
	"\x47\x12\x48\x65\x57\x45\x23\x73\x4a\xad\x69\x76\x2d\xed\x4f\x5f"
	"\xf4\x3a\xa3\xd0\x81\x63\x0d\xf3\x13\x5a\x93\x8c\x0e\xd2\x9b\x76"
	"\x6b\xfb\xf3\x0c\x53\x87\x64\x0f\x5d\xc4\x5e\xaa\x0e\xad\xae\xe4"
	"\xd9\x99\x54\x5b\x34\x72\x2a\x06\x5e\xe8\x1f\x7a\xe8\xf6\xe9\xc4"
	"\x36\x8c\x47\x48\xf4\x24\x55\xbc\x4c\xf8\xc2\xdf\x91\x57\xee\xee"
	"\x39\x15\xdb\xf0\x7d\x2c\xf9\x1a\xe6\x15\xd6\xd7\x4d\xc5\xd7\xa8"
	"\xc6\x8e\xb5\x7e\x23\x87\x76\xdc\xdf\x73\x5e\x43\x0c\x9e\x3a\x0f"
	"\x1c\x9d\x5d\x6c\x13\x91\x47\x9e\xc0\x17\x4b\x92\x79\x9c\xec\x96"
	"\xa7\x2c\x70\xf7\xdc\xbd\xe5\xdd\xe2\xc8\xbb\x5d\xac\x15\x61\xec"
	"\xe1\x69\x6b\x49\x71\x18\xbd\x7d\x73\x3f\x68\x31\x6f\xb3\x2a\xfc"
	"\x99\x03\xc1\x56\x83\xd7\x22\x47\xa4\x05\x5f\x81\x6a\x4a\x42\xd9"
	"\x2a\x07\x0f\xcc\x42\x9f\xf0\x05\x19\xa4\x51\xf4\x8f\xbe\x48\x4b"
	"\xe5\x1f\xa7\x3b\x49\x86\x61\x7b\x80\x22\xed\xe1\xaf\x05\x98\x28"
	"\x11\xa5\x89\xec\x47\x06\xf3\xb1\xf2\x3d\x58\x47\xe2\xe9\x7e\xfb"
	"\xef\xb7\xed\xf3\xfd\x8f\xc9\xeb\xfd\xc6\xad\x17\xc4\xfe\x70\x8f"
	"\xaf\xdd\x8d\xc1\x16\xbd\x16\xa2\x94\x68\xcc\xf3\xd3\x21\x18\xd7"
	"\xe1\x69\x46\x6b\x56\x7a\xda\x3b\x11\x88\x54\x43\x8f\xf7\xbc\xb8"
	"\xc8\x99\x12\x04\x60\x70\xe3\x47\x5d\xf0\x0d\x81\x7e\x2e\xfa\xf3"
	"\x5d\x38\x28\x33\x98\x4f\xf2\xf3\x3d\xf0\xe1\x39\x15\x2b\xfd\xd6"
	"\xed\xe7\x7b\xe9\xb8\x15\xbe\xdc\xfe\xf9\x2e\xfa\xc7\x8d\x48\x3c"
	"\x1c\xc7\x77\x5a\xee\xbe\x7a\x31\xba\xdd\x0c\xc0\x8f\x5b\xe7\x3d"
	"\x97\x9f\xdf\xa9\x9f\xde\xa1\xd0\x0f\x0b\x38\x94\x8e\xbb\x16\x9c"
	"\x55\x60\x93\x8e\x37\xe0\xeb\xf0\x06\xf8\x32\x40\x80\x68\x76\x5f"
	"\x85\xa6\x6b\xc0\x75\x51\xdc\x86\x8c\x68\x1d\x7e\xce\x19\x66\xde"
	"\xbb\x0e\x41\xd4\x8c\x89\x6c\xcd\x79\x72\x12\xf1\xb8\xcc\x42\xfa"
	"\x73\x67\xd7\x5c\xb0\x6b\x1f\x89\xfe\x85\xf3\xc8\x80\x81\x36\x30"
	"\x04\x33\x2c\xe4\x90\x6d\x88\xdf\x7a\x0f\x0d\x4e\xa8\x70\x5e\x44"
	"\x61\x23\xed\xda\xf4\x8e\x95\xdb\x03\xe6\xa7\x70\x23\x47\xf6\x02"
	"\xb0\x4f\xe6\x3e\x58\x37\x2d\x4d\xc2\x88\x4f\x75\x61\xed\x9f\x53"
	"\x57\x75\x03\x07\xee\x84\x04\x74\xdb\xb0\x77\x1f\x6b\xca\x7d\xc6"
	"\xd4\x4d\x2a\x2c\x6d\x83\x5f\xfa\x57\xc6\x06\x4d\xed\x9b\x5c\xbb"
	"\x49\xb3\x52\x3a\xb8\x02\x1a\x22\xeb\x08\x5f\x61\xb1\xf8\x36\x30"
	"\x5e\x1b\xba\xa3\x03\x8a\xfa\x7d\x9b\x54\xe0\x7a\x0d\x87\xaa\xda"
	"\x88\x81\xb5\xcf\x19\xbd\x75\x7e\x18\xc6\x34\x75\x94\xfd\x3e\x7e"
	"\x52\xe9\x67\xf8\xd4\x1b\xd7\x60\x0e\x03\x80\x61\xa6\x15\x9e\xfb"
	"\xfb\x38\xd0\x7a\x34\x5f\xc0\x8c\x56\x83\xb2\xb8\xff\x52\x76\x6d"
	"\xcd\x6d\xe3\xc8\xfa\xaf\xa8\xf6\x69\xa6\x6a\xb7\x8e\x25\xd9\xb2"
	"\xb4\x55\xfb\x00\x81\xa0\x88\x98\x37\x11\x90\x44\xe7\x85\xe5\x49"
	"\x94\x19\xd7\xc9\x24\x53\xb6\xb3\x3b\x73\x7e\xfd\x41\x03\xa4\x04"
	"\x80\x68\xd0\x3b\x55\xc9\x44\xdd\x4d\x10\x00\x71\xe9\x6e\x34\xbe"
	"\x86\xeb\x46\x5b\x88\x6a\x61\xa8\xf7\x64\x28\x17\x36\x52\x6d\x93"
	"\x09\xaf\x04\x5d\x6c\x2f\x43\x5c\xf4\x05\x5f\x48\xed\xc2\xdb\xca"
	"\xb6\xde\x14\xa7\x2e\x6b\xff\x77\x97\x64\xb4\xf6\xde\x02\x64\xb0"
	"\xb1\xc2\xce\x90\x5e\xa0\x21\x4d\x98\xaf\x07\x7f\xcd\x6b\x04\x27"
	"\x80\xd7\x3b\x50\xe8\x95\x49\xdf\x7a\x13\xa6\x06\x34\x80\xd2\xbd"
	"\xd5\x78\x79\x02\xab\x4a\xa1\x5b\x1b\xbc\xf5\x5d\xaa\x89\x5a\x3d"
	"\xf0\xd1\xc4\xac\x8f\x92\xbb\xa4\x43\x82\xbd\x3b\xad\x0e\x68\x23"
	"\x15\xef\x5a\x69\x6c\xd0\x74\x24\xb3\x61\x06\x60\x0d\x10\x6e\x7f"
	"\xf7\x34\xb8\xc1\x8c\x84\xea\x73\x53\x6d\x77\x98\x6b\xa2\x71\x87"
	"\xc2\xad\xf9\x43\xb3\xed\x7a\x1f\xd3\xca\x11\xd1\x73\xe4\xd2\x38"
	"\xe7\xe1\x10\xd1\xcc\x40\x00\xbb\x33\xde\x67\x17\xd8\xd0\x93\x88"
	"\x17\xb0\x65\xcc\x7f\x16\x96\x1f\xbf\x16\xb4\x0e\x91\xe1\x93\xf4"
	"\x64\xb7\xab\x1a\x72\xc2\xd6\xc0\xcb\x2b\xd4\xf0\x82\xab\x6e\xce"
	"\x1a\x00\xef\x51\xff\xdc\x5d\xe6\x68\x08\x27\x69\x90\xa1\x87\xad"
	"\x1d\x16\x34\x68\x12\x03\xff\x5f\x7f\xfb\xf4\xe3\x97\xe7\x4f\x7f"
	"\x73\x4b\x2f\x92\x3b\xef\x32\xc4\x65\x98\x1e\x57\xf6\xbc\x3b\xae"
	"\xfa\xf5\x01\xfc\x79\x69\x88\xa3\x0f\x4b\x3c\x86\x81\x64\x80\x15"
	"\xb0\x4b\x48\xe2\x76\xd7\x6a\x34\xcc\x56\xa1\x71\xb6\x7a\xc7\x40"
	"\x5b\x8d\x47\x1a\xbc\xbd\xe0\xf5\xca\x5d\x26\x14\x91\xe7\x04\x2d"
	"\x05\x1d\x77\x2b\x84\x3a\x39\xf2\x56\x13\x43\x6f\x35\x1e\x7b\x5e"
	"\xeb\xaf\x7c\xdd\xcb\x3d\xc8\x05\x66\x4d\xeb\x26\x3a\x6b\x85\xa6"
	"\x08\x2e\x47\x1d\xa1\x68\xdd\xaa\x49\xb0\x42\xca\x84\x0b\xaa\xcf"
	"\xbe\xe4\x63\xcd\xbc\xf2\xc6\x0b\x8f\x26\xe3\x6b\x9e\x62\x62\xcb"
	"\xd2\xc0\xec\x0b\xc5\xea\x33\xde\x64\x9c\xc6\x1c\xb6\x70\xd9\x46"
	"\x8c\xaa\x34\x5e\x6b\xbd\x5e\x60\xbb\x55\x97\x9f\xc6\xef\x0e\x88"
	"\x65\x05\xa1\xd8\xca\x3a\xba\xba\x70\x65\x81\x8f\x0a\x0e\x09\x0a"
	"\x62\x23\x51\xc2\xbc\xaf\x65\x0d\x17\x49\x95\x7d\x9b\xfa\x7b\xbf"
	"\x7e\xa8\xce\x1e\x8d\x59\x25\x49\x51\x87\x4f\x6c\x94\xa8\x7f\x23"
	"\xf8\x42\x0a\x5e\x67\xd9\x36\x3c\xd9\xb1\xab\xd0\x58\x6b\x86\x28"
	"\x37\xa5\xe6\x7d\x79\x86\xc8\x24\x0c\x5d\xf7\xfa\x92\x90\xd2\xd8"
	"\xb3\x7a\x6d\xd3\x6b\x9a\xcb\xc4\xf0\xdf\xc6\x82\x3a\x82\x3d\xf2"
	"\x1a\xc0\xee\xb2\xd8\x00\x2f\x52\x96\xfa\xb0\xcb\xa1\x6a\x34\xb0"
	"\x11\x76\x5f\xcf\x50\x45\x25\xec\x18\xaa\x8e\x55\x5c\xe7\x7d\x49"
	"\x9b\x75\xfd\xce\x76\xd1\x57\x3e\x9c\xab\x84\x1d\xf1\x8e\x18\x1c"
	"\x93\x05\x6f\x5d\x3a\x52\x63\x3c\x0d\x87\x0d\x43\x07\xf3\x1d\x8e"
	"\x04\xf5\x18\x43\x5e\x28\xf5\x4d\xe5\xaa\x4b\x28\xad\xdd\x76\x0f"
	"\x9c\x9d\x1d\x6a\x60\x33\x04\x95\xc8\x23\x6a\xb7\x54\xe6\x12\x43"
	"\xfa\x91\x80\xa9\x49\x10\x66\xea\x97\x79\xe1\x64\xcb\xc5\x12\x61"
	"\xf1\x86\x22\x9c\x00\x6e\xa4\xc3\x57\x83\x62\xcb\x2b\x1f\x75\xca"
	"\xfd\xec\x25\xda\x79\xd7\x6f\x5a\xa3\xd5\x16\xc4\x0d\xe1\x71\x99"
	"\x7c\xb2\x68\x99\x8e\x7b\x39\x34\xf9\x6c\x46\x7c\x78\x8c\x26\xd7"
	"\x2e\x3f\x00\x98\x57\xb8\x26\x25\x71\xfb\xae\xd4\xa6\x26\x73\x30"
	"\x66\x7a\x32\x32\x92\xae\xac\xd0\xb8\xb8\x72\x47\xe3\x09\x58\x81"
	"\xc1\x02\xe4\x34\x20\x6a\x46\x81\xdd\x23\x40\x45\xbb\x18\x98\x32"
	"\x54\x0e\x1c\x6a\x36\xcc\x05\x59\x53\x2c\xb3\x39\x45\x97\xb3\xf6"
	"\xb2\x81\xe9\xe5\xb6\x7d\xd3\x70\x81\xb3\x4f\xdf\x7f\xff\xe5\xf9"
	"\xdb\xf9\xf3\xac\x87\x40\x0e\x2d\xb5\xad\xec\x46\x9b\xc8\x95\x05"
	"\xc3\xa1\x67\x3b\x25\xbf\x3d\xbd\xfc\x7a\x7e\x73\x1c\x1e\xce\x73"
	"\x12\x4e\xde\xa4\x81\xd2\x9d\x18\x0c\x57\x69\x0d\xdf\x26\x0e\xc5"
	"\x44\x53\x2f\xe2\xd7\x5d\x2e\x26\x75\x6d\xc1\x84\x54\x68\x3b\x1d"
	"\x0b\xca\x38\x3f\x11\xae\x19\x19\x92\xc9\xf2\x77\x77\x49\x06\x35"
	"\x7a\x67\x7f\x80\xe7\x56\x43\x53\xc5\x6b\xa8\xe1\x80\x2d\xd1\xe8"
	"\xfb\xf3\xa0\x7d\x10\x94\x74\x36\xca\x80\x40\xa4\x6f\xdd\xa9\x1e"
	"\x78\xb6\x04\x70\xb3\x7a\x42\x26\x9d\xac\x42\x99\xa2\xfb\xbd\x25"
	"\x54\x0d\xfb\x7b\xb4\x67\xc0\x81\x12\x0e\x78\x08\x4a\x5f\xa7\x76"
	"\x44\x4a\xb2\x89\xba\x01\x5e\x50\x3b\x31\xe0\x3d\x64\xb9\x90\xc8"
	"\xbb\x46\xba\x32\xe5\x0a\x21\xa6\xba\x41\x49\x29\xf3\x01\x00\x0c"
	"\xc6\x37\x53\x86\xc5\xe2\xf7\xa7\xb7\x4f\xbf\x9d\xf1\xc5\xa2\x80"
	"\x93\x28\x1d\x46\x01\x66\xc1\x54\x8f\x1a\x69\x0f\x57\x32\x20\x31"
	"\x06\x01\x8d\x4a\xe7\x07\x21\x83\x07\xe9\x21\x61\xa5\xea\x31\x37"
	"\x62\x35\x28\x55\x96\xdb\x47\x89\xa9\x66\xe1\x07\x22\x3a\x7f\x50"
	"\x5c\x9f\x3e\xfe\x35\x21\x15\xf9\xd8\x57\xa1\xf8\xa8\xef\xe5\xea"
	"\xc3\x7b\x1b\x03\xbb\xf1\xbb\x65\xd9\x11\x83\xc7\x0c\x49\x0b\x5a"
	"\x47\x5b\xc3\x68\x19\xe7\x8b\xf8\xf3\x80\x9a\x32\xdd\xb1\x7e\x82"
	"\x84\x90\x48\x3e\xd1\x9f\xc6\xc5\xf0\xbe\x66\xf3\xba\x21\xe5\x8e"
	"\x4d\x94\x98\x2f\xe4\x3b\xcb\xf3\x93\x42\x84\x44\x26\x3b\x41\x59"
	"\xaf\x13\xfc\x89\x91\x67\x4c\x70\xe3\xe3\x88\xb5\xab\x4c\x7d\x9b"
	"\x2e\x26\x5d\x89\xf4\x7d\x9d\xe0\xdd\x78\x0e\x48\x18\x1f\x7d\x5c"
	"\xe4\x41\xba\xfe\x8c\x80\xcc\xfe\x50\xd9\x00\xf5\x98\xc4\xe2\x1d"
	"\x22\xfd\x56\x1b\x6b\x7f\x60\x73\x8a\x8a\x33\x92\x17\xef\x17\xa6"
	"\xac\x7c\x77\xd1\xa0\x5b\xbf\xef\x53\x98\x43\x87\x68\xfb\x47\x29"
	"\x4e\x82\x12\xda\x37\x38\x21\xd5\x78\xd8\xf2\x01\x21\xb3\xff\xbd"
	"\xaf\xee\xa0\x4b\x45\xdf\x78\x70\xd1\xb9\x21\xa2\x05\xb9\xd2\xab"
	"\x58\x47\x31\x4e\x3b\x51\xff\xf3\x1d\xfe\x93\x14\x3c\xb4\x0d\xd1"
	"\xfe\xa5\x5b\xcc\x64\xf5\x59\xa6\xdf\xc7\xf4\x04\x50\x18\x0c\xd1"
	"\xf7\x68\x78\x47\x1e\x2e\x73\x54\x50\xc3\x3e\xc0\x1d\x80\x11\x5d"
	"\x9b\x4e\x21\x62\x41\x84\xd2\xd3\x1a\x92\xb0\x30\x3f\xec\x1e\xd0"
	"\x9c\x3a\x60\x56\xb9\xf6\xbb\xea\x5f\x45\xe7\xf5\xd8\xe5\x07\xf4"
	"\x5e\x15\xc9\xc2\x74\x67\x63\xb1\x19\x4d\xed\x3b\xcc\x6c\xae\xb4"
	"\xd1\x81\x0d\x23\x2c\x7e\x51\x16\x3f\x78\x56\xa0\xc3\x16\x8f\xa5"
	"\x56\x03\xc3\xa7\x5e\xbe\xe5\xec\x3c\x7a\xed\x59\xb4\x74\xf5\x30"
	"\x2c\x66\x7d\x68\x23\xfa\x0e\x44\x31\xf7\xda\xe1\x2b\xbd\x43\xaf"
	"\x94\xbb\x1c\xaf\x41\xaf\x8a\x71\xf4\xd8\xed\x2a\xaa\x3e\xc8\xb4"
	"\x90\x94\x39\xda\x8c\x86\x9c\xfc\xda\x29\xe5\xf8\x00\xf8\x46\x3e"
	"\x5d\x0d\xfa\xf0\x98\x21\xd8\xd7\x57\x8c\x6b\x5b\xfb\x69\xfc\xef"
	"\xd5\x7f\x3b\x91\x57\xf8\x44\x5e\x21\x13\x79\x15\x9a\xc8\x2b\x64"
	"\x52\xae\x46\x9e\xcc\x9e\xe8\x3b\x34\x80\x1c\xec\xc8\x95\x37\xa3"
	"\xac\xcf\xb0\xb2\x27\x15\xf2\xa9\x2c\x19\x76\xe0\xab\xdb\x69\x31"
	"\xe8\x9a\x69\x29\xb0\x4b\xa6\xa5\xb2\x7c\x5a\x06\x5a\x6e\x22\x2d"
	"\xa7\x65\x8b\x0c\xef\xa3\xd1\x62\x11\x2e\xa2\x91\xb1\xd7\x04\x9d"
	"\x08\xae\xc8\x78\x38\xae\x26\x96\x97\xd5\x7b\xd7\x97\x95\x33\x81"
	"\x5d\xb2\x99\x4c\x7e\xa9\xc3\x7c\x8a\xb5\xa9\x0c\x5e\x51\x19\x8e"
	"\x15\xd2\x8e\x6d\xfd\xa9\xd7\xf3\x14\x03\x5c\xad\x07\xc9\x02\xe7"
	"\x11\xc0\x94\xdd\xf8\x48\x22\x2c\x57\x22\x17\xed\x2d\xa1\xf5\xcd"
	"\xa2\x5b\x4e\x09\x91\xa2\xc2\x30\xcd\x2c\x21\x24\x68\xc0\x12\xe1"
	"\xef\x90\x58\x4d\x89\x68\x0d\x7e\x4a\xc8\xf7\x31\x85\x64\x7a\x1d"
	"\x77\x4a\x4c\xc8\xc9\x5a\x1f\x73\x04\x1f\xc3\xed\x9e\x86\xd5\xf9"
	"\xe3\x94\x5c\xf2\x8e\x8f\x06\xad\xeb\x26\xa5\x86\xbd\x6a\xb2\x81"
	"\xef\x78\x63\x5e\x4d\x7e\x7f\xed\xac\x0a\x0b\xd5\x91\x01\xab\xf6"
	"\x15\xdf\xae\xb6\x34\x4a\xe3\xc6\xb6\xae\x22\x4b\x25\xbe\xdd\x75"
	"\xd5\xf6\x03\x2d\x65\xf0\x02\xb3\xbc\x86\x93\x9b\x20\x11\x7d\x20"
	"\x09\x47\xf8\xe3\x92\x02\x72\x22\x23\xf3\x30\xe4\x19\xf6\x44\x19"
	"\xbe\x7b\xa5\xe5\xa7\x6a\x10\x7b\xb3\x1d\xfa\x60\x5e\xee\x05\x4d"
	"\x34\x48\x86\x15\x89\xa5\xaa\x23\x32\xe4\x88\x06\xfb\xda\xba\x21"
	"\xa6\x7e\x75\xc7\xa5\x47\xe0\xbe\x04\x73\x92\x2f\xda\x05\x98\x21"
	"\x31\x5a\xd6\xf8\xae\x50\xdf\x13\xe0\xca\xc6\xa8\xb9\x3a\xb8\x43"
	"\x10\x3f\x42\x47\x91\x82\xcd\x80\xe9\x06\x0b\xd7\x3c\x14\xce\x97"
	"\xe7\xce\xc9\x85\xfa\xb9\x40\xc6\x5d\x8b\x61\x07\xe6\xe1\xa5\xa3"
	"\x5d\x84\xa1\x90\x72\x52\x23\x48\x2c\x99\x1a\x19\xe1\xa9\xb5\xca"
	"\xab\x53\x8d\x2c\x1a\x9c\x31\x06\xad\xbb\xbb\x45\xe2\xac\x06\x18"
	"\x39\xad\x7f\xed\x7f\x9c\x7f\x9c\x9f\xbf\xfd\xfa\x3f\x3d\x82\x9d"
	"\x13\xbd\xdc\x4b\x77\x99\xdc\xfa\x9d\xab\xc9\x69\xf0\x4a\xc4\xc0"
	"\x06\xb4\x33\xf7\x24\x5e\x0c\xee\x8d\x7d\xa8\xb8\x06\xc1\xc7\x1c"
	"\xf8\x22\xdd\x4e\xf0\xf7\x51\xbe\x64\xfb\x3c\x52\x5d\xb9\x4d\x43"
	"\xb5\xda\x35\x98\xc3\x5f\xb3\xd5\xff\x59\x11\x7a\x2e\x69\x9a\x68"
	"\x6d\x8a\x3d\xf4\x4f\x54\x84\x66\xd5\x03\x8b\x4a\xec\x27\x9a\x4c"
	"\xe1\xd2\x57\x54\x22\xdd\xbf\x4b\x28\xca\xce\xb2\x34\xca\xaf\x39"
	"\x8b\xf4\xe0\x35\xb2\x61\xfc\x60\x8e\xdc\xf4\xb8\x74\xf2\x18\xa3"
	"\xd8\xf8\xd4\xbf\x3e\xbd\xbe\x3e\x7f\x79\xfe\x34\x8e\xa7\x50\xc6"
	"\xd4\xe8\x5d\x8a\x04\x17\xda\x38\x1a\x77\xa2\x25\xb4\x52\x85\x4d"
	"\x2a\x10\x48\x4f\xee\x70\x07\x9a\xe7\xe6\xe8\x49\x68\x8a\xa8\x9e"
	"\x3d\x0e\x62\xd1\xe5\xe7\xd5\x29\x54\x75\x1a\x71\x15\x9b\xb6\x8d"
	"\x8e\x06\x2e\xe5\x61\x0e\x7e\x2d\xa0\x95\x6f\x07\xdc\x58\x87\x24"
	"\x6a\x72\x88\xd6\x43\x51\x5f\x33\xb3\x5a\x2c\xea\x47\xe2\xf6\x74"
	"\x7d\x20\x10\xe4\x98\xae\x1b\xd3\x0b\xe6\xf9\x0d\x07\x46\x9f\x15"
	"\xd7\x6b\x04\xf1\xce\x98\x80\x60\x7c\x98\x6c\x4c\xdf\x11\xd7\x0e"
	"\xd8\x11\x13\x49\xb1\x45\x7a\x09\xd8\x05\x6f\x1a\x37\xfa\x67\xe0"
	"\x08\x52\xd4\x39\x3e\x83\x89\x36\x37\x65\x94\x8f\x29\x57\x97\x86"
	"\xb0\xc8\x79\xb2\xa9\x04\xc7\xfc\xe9\x86\xfd\xb0\x65\x09\x97\xa1"
	"\xea\x53\xef\xe4\x79\x24\xe0\x2b\xae\x1e\x3b\x30\xec\x74\xb1\xfd"
	"\xf9\x4b\xbc\xd6\x0f\xdb\xa2\x4a\xe2\x5d\x97\xc6\xbb\xd6\x44\x9b"
	"\x41\x78\x77\x74\x5a\xf3\x32\xb6\xbe\xa7\x3c\x75\x6e\xdc\x26\x34"
	"\xbc\x09\x25\x25\xdc\xb6\x17\x15\xa4\x0c\x0e\x6b\xb1\x4a\x7b\x22"
	"\x1a\xfb\x38\x7c\x61\xbc\x66\xe5\x71\x0c\x79\x75\x55\x5a\x02\x11"
	"\xe8\x4e\x64\x1c\x44\x8f\xa0\x31\xfc\x6a\x18\xa2\x4f\x76\x25\x82"
	"\x88\x9f\x89\xc8\x0e\xa6\x6b\xea\x05\x71\x39\x12\xf9\x12\x7c\x6b"
	"\xe0\xf2\x0d\x87\x7a\xed\x1b\x69\xd9\xe3\xf0\x4b\x87\x41\x76\x3c"
	"\xf9\xd7\xdc\xa1\x8a\xc2\x99\x5b\x9a\x76\x10\xe1\xaf\xa0\x99\xf0"
	"\xc9\x70\xae\xd2\x3c\xe1\xbe\x2b\x3e\x67\x4a\x8a\x20\xb6\x35\x85"
	"\xd6\x2a\x95\x86\x17\x61\x7b\x35\x1b\x78\x76\x02\xc8\x26\xd5\xe9"
	"\x58\xed\x20\xd5\xb6\x16\x81\x9c\x80\x3a\x78\x11\x53\x12\x2c\x19"
	"\x13\xf6\x81\x8d\xe2\x06\xd2\x71\x8a\xc7\xce\xcd\xe1\xb5\xdd\x8f"
	"\xf3\x70\xf9\x89\xb4\x84\x6c\x18\x29\x02\x60\xe3\x76\xa8\x3b\xc0"
	"\x51\x78\xa7\x62\x7a\xa8\x1e\xbb\x32\x2f\xec\xfc\xbf\xfd\x9d\x96"
	"\xd9\xdb\xf9\xb5\xcf\x96\xeb\x74\xbb\x32\xa7\x77\x08\x98\x82\xee"
	"\x76\xc8\xe4\x51\x54\x25\x97\x55\x83\x60\x63\x14\x0d\x49\xb0\xce"
	"\x0a\xae\x53\x5b\x1b\xe7\x05\xbc\x26\x2c\x71\x5c\x50\x60\x04\xa7"
	"\x70\xb2\x1d\x9e\xd0\xea\x89\x92\xd5\x18\x2f\xe3\x49\x1d\x7c\xa7"
	"\x9a\x57\xce\x6b\x5d\xbf\xaf\x26\x20\x86\x19\x18\xdb\x81\xfc\x4d"
	"\xe6\x76\xfd\xd7\x1f\xe7\xb7\xef\xdf\xdf\x7e\x9b\x7d\x3e\xff\xfb"
	"\xf9\xd3\x39\x74\x01\x0b\xde\x4d\xf9\x56\x62\xb3\xc7\xf0\x0f\x04"
	"\xf1\xb6\xf5\x8f\xd3\x62\x71\xb3\x6c\x63\x12\x69\xfc\x05\xc7\x8c"
	"\x72\x8c\x5d\x34\xc7\x3c\x88\xa6\x5e\x00\x57\x5f\xaf\xb3\x3b\x2f"
	"\x85\xfb\xbc\xbc\x08\x90\xba\x13\x2d\x97\x9b\x8d\x8b\x59\x9b\xaa"
	"\xc9\xd0\x60\xc6\x6d\xda\x3d\xd0\xf0\x97\x9e\x9a\x07\x70\x7b\xa7"
	"\x39\x38\xce\xb8\x13\x6f\x58\xee\xc4\xeb\x0e\x94\xce\x51\x52\x4e"
	"\x4c\x87\x94\xd9\x07\x37\x9a\xe4\xa6\xec\xd5\x24\x51\x3f\x8e\x84"
	"\xf8\xd1\x46\x0a\xdf\x81\xd9\x67\xe1\xcc\x95\xb9\x26\xe8\x4b\xd1"
	"\x10\xdb\xee\xe6\x6a\x35\xd2\xb0\x3a\xb3\x5c\xed\x3e\x4d\x77\x22"
	"\x4d\xa9\x94\xf1\xd0\x01\xdf\x45\x9a\x32\x48\x84\xd5\x27\x2f\xeb"
	"\xaa\xd2\xce\xb7\x75\x11\x6a\x98\xfa\xc1\xf2\x1c\xb2\x0f\xa9\x79"
	"\xe0\x05\xcf\x3a\x62\x90\x52\xa6\x05\xf4\x28\xde\xc4\x5e\x3b\xf8"
	"\x4d\xea\xd0\xeb\xf4\x8d\x32\x48\x5e\xa2\x0a\x4c\xb6\x01\x01\xda"
	"\x24\x64\x00\x5e\x0a\xd6\x04\x7a\x33\x6c\x9b\xf3\xad\x96\xc0\x52"
	"\x00\x8c\x98\x1e\x0b\x14\x62\x1d\x3c\xa1\xd1\x5e\x34\x10\x98\x75"
	"\x2f\xfe\xc4\x15\x35\xb4\x5b\xa4\x00\xec\x63\x6f\x18\xf0\xdb\xb9"
	"\xde\xdd\x93\x60\xa9\x70\x5c\x3a\x86\xcc\xcb\x1a\x89\x38\xed\x05"
	"\x00\xff\x0e\x5d\x6a\x37\x08\x44\x14\xe1\x61\x33\x8f\xb2\x1a\x02"
	"\x23\x10\xe3\x3c\x0d\xba\x08\x52\xda\x95\xae\x13\x40\x53\xba\xba"
	"\x5c\xdf\x20\x5b\xb3\x24\xea\xaf\x3d\xf6\x12\xe8\xe0\xe5\xe2\x0e"
	"\x41\x1f\xaf\x27\x34\x71\x4c\x95\x0c\x5d\x59\x18\x14\x3e\x21\x0d"
	"\xc8\x9b\x05\xd5\xde\x54\x7a\xdc\x8f\x6d\x59\x40\x26\x2b\x04\x6e"
	"\xcb\xaa\x49\x08\x0a\x5c\x70\x24\x3d\x6a\xc0\xa4\x5e\xc2\xf3\x7c"
	"\xb1\xeb\xce\xdd\x43\xe9\xea\xb5\x3f\x78\xd1\x9d\x14\x5b\x72\xc9"
	"\x75\x73\xfe\x76\x7e\x79\xfe\xd4\x0b\xce\xaa\xcb\x1d\xd3\x6b\x8f"
	"\xe5\x44\xc2\x65\xe7\x11\x8a\xf0\x70\x67\xd4\xe4\x80\xf4\x43\x7e"
	"\x1c\x72\x07\x37\x11\x9d\x84\xb9\xaa\x15\xb2\xa8\x83\x21\xf7\x6a"
	"\xa6\x94\x09\xc9\xab\xd2\x49\x6d\x6a\x8a\x4b\x79\x53\xe8\xf4\x15"
	"\x1a\x74\xc4\x42\xc0\x3f\x75\x06\xed\xc5\x22\x0d\xa2\xbc\xec\x81"
	"\x4d\xec\x2c\xb2\xb2\x21\x17\x09\xa8\x98\x5f\x8e\xc9\x8f\xe7\x37"
	"\x2a\xc8\xb6\x13\x9f\x5c\xc1\xb5\x4e\xdd\x08\x44\x6d\xf8\x04\x39"
	"\x68\x4a\x90\xe7\xc5\x82\x0c\xf1\xb2\x6f\x1a\x88\x84\x48\x7a\x4e"
	"\xf5\x78\x83\x44\xcf\x19\x01\x8d\x7f\x61\x8a\xe9\x0c\xf8\x65\xd8"
	"\xc5\x0b\x62\x04\x20\x44\x06\x61\x9d\x76\x31\xbc\xfb\x3d\x8a\x2e"
	"\x7b\x54\x2d\x3e\x72\x81\xe8\x5e\x03\x30\x05\x5c\xa6\x36\x69\xb3"
	"\x45\x04\x5f\x4d\xe7\x49\x53\xa3\x4a\xbf\x72\x9c\x8d\x11\xd8\xc7"
	"\x43\xae\x7e\x90\x2d\xcf\xb9\x74\xae\x69\xaa\x99\x04\xda\xac\x0d"
	"\x53\xb4\x73\x8e\xdb\xcd\xef\x8e\x2f\xe8\x88\x26\xec\xa4\x8b\x17"
	"\x5a\x31\x26\x16\x85\xed\xb8\x1c\x4a\x6c\xf6\x23\xda\x89\x26\x2e"
	"\x1d\x10\xcc\x34\x22\x64\x02\xe9\xed\x53\xf7\x44\x13\x98\x29\x03"
	"\x08\x39\x1d\x90\x1a\x5a\x53\x20\x5b\x54\x41\xae\xb3\xf9\xcb\xd3"
	"\x8f\xaf\x06\x79\xfa\xf9\xd7\x1f\xdf\x7f\xbc\xce\x7e\x3f\xff\xfe"
	"\xfd\xe5\xaf\xd9\xd3\xcb\xf9\x69\xf6\xfa\xfc\x7f\xe7\x7f\xda\x48"
	"\x4a\x44\xef\x30\x5d\xa1\x43\x2c\xad\xdb\x9e\x17\x8e\xd2\x1e\x07"
	"\xae\x87\xd8\x77\x61\x03\x06\x1d\x83\xb5\x16\xc3\x41\xb2\x8b\xe2"
	"\xe5\x3b\x84\x82\x5b\x9c\x46\x02\xbc\x80\xbc\xad\xfd\x31\x60\xe0"
	"\xe9\x2b\x65\xb2\x54\xbb\x0b\xa6\x10\xc0\xba\x1b\xe5\xf6\xd5\xcd"
	"\x6c\x51\x74\x94\x72\x40\xe4\xad\x8b\x03\x8a\x06\xa0\x44\xee\xfe"
	"\xfc\x73\x42\x04\x3b\x86\xd3\x29\x25\xba\x1d\x17\x5b\x25\x18\x32"
	"\xf0\x34\xea\x2f\xdb\x72\xc7\xd9\x07\x9e\x17\xb8\x84\x5b\x74\x1e"
	"\x3c\xfc\xd5\xaa\xef\xd1\xf3\xfb\xb4\x1f\x61\x35\x23\xe3\xfe\xf3"
	"\xba\xf9\x8a\x6e\x41\x6e\x5f\x80\xb0\x81\xdc\x9b\x00\xaf\x63\x10"
	"\x75\xf0\xbd\x68\xdc\xc1\xf0\x3c\x2e\x11\x20\xff\x42\x26\x41\xc8"
	"\x15\x6b\x92\x55\x8e\xaf\xa7\x82\x34\xcc\x5c\x22\xa9\x66\x15\x37"
	"\xcd\x01\xfb\xc4\x8e\xee\x56\x44\x83\xbc\x18\x64\x3d\x54\xdb\x0f"
	"\x0e\x01\x82\xa3\x1d\x05\xfb\x4a\x73\xb1\xfe\x15\xdd\x99\xa3\xea"
	"\xb7\x73\x65\x5f\xfd\x2e\x12\x7b\xc2\x2b\x82\x5f\x80\x06\xc5\xf7"
	"\x0a\x01\xc4\xd5\xe6\x08\x70\xc7\x36\xe8\xa9\x62\x80\xf9\x61\xd6"
	"\x28\xbb\x3b\x7a\x80\xac\x70\x6f\x6c\x55\x8b\x59\xf3\x08\xbe\x05"
	"\x0f\xe0\x10\x74\x56\x3c\x5d\x7d\x28\x63\x59\x79\x50\x0a\xde\x16"
	"\x39\x84\x1a\x84\x00\xf0\x5e\x08\x55\x77\xc9\xeb\xe5\xa2\x0d\x4d"
	"\xd1\x8f\x0d\xb1\xda\x05\xbf\xba\x53\xc3\x25\xf3\xf7\xbc\xa1\xc8"
	"\x84\xd0\x0d\xa2\x7e\x0d\x22\x87\x02\x01\xa8\x1f\x04\x28\x24\xe3"
	"\xd4\xb7\x06\xf1\x36\x43\xaa\xb7\x7a\x9c\xbf\x0d\xa8\x1a\x78\xd5"
	"\x40\x27\xab\xd5\x6f\x5c\x3a\xe4\x2c\xab\x72\x2f\xe5\xd1\xb8\x21"
	"\xcd\x36\x9e\xa8\xad\x9c\xe0\x8b\x87\x24\x52\x7d\xa7\x5b\x2d\xe2"
	"\xb5\xe2\x01\x9e\x36\x1d\xd6\xf3\xcd\xc2\x9a\xca\x09\x20\xde\xd5"
	"\x0f\x92\x26\xc7\x04\x3b\x8b\xd4\xc3\x0e\x7c\x5e\xd1\x0a\x4f\x35"
	"\xb8\x11\x6d\x1b\xef\x91\x63\x81\x28\xd7\x8a\xd1\xa5\x14\xe7\x99"
	"\x08\x9b\xf1\xe2\xf6\xfc\xfa\x29\xb4\xd8\x0b\x56\x2a\x25\x04\x30"
	"\xc6\xc4\x32\x3f\xde\x2c\x90\x86\x27\x77\x8b\xbb\xb6\x4b\xea\x2a"
	"\x6c\x4b\x68\x88\x19\x98\xd0\xc8\xb9\x2b\x29\x25\x92\x28\x02\xf2"
	"\x9f\xf1\x8a\xde\x22\x07\xe7\x69\xa1\xb5\xbb\xf0\xb9\x2c\x15\x9b"
	"\xe5\x42\xdc\xde\x84\xad\x49\xa5\x18\xe4\x95\x38\x34\xb0\x6b\x36"
	"\x23\x15\xea\xea\xe6\x52\x9a\x48\x8e\xb8\x37\x61\x0f\xa2\x15\x2f"
	"\xc1\x06\x09\xf7\x4b\x9d\x88\x8d\x32\x4c\x09\xe2\x0d\xe6\x22\x5f"
	"\x6c\x6e\x6e\x96\x11\xe6\x22\x3c\xc3\x87\xef\x22\x95\xd0\xdd\x5d"
	"\x5c\x66\x9b\xcd\xef\xef\xe3\x22\xba\xa2\x9b\x9b\xf0\xa0\xcb\x0a"
	"\xba\x5a\xde\x85\x8f\xe5\x13\x31\x5f\xad\x17\xc8\xd7\x81\x25\xea"
	"\xfe\x6e\x1e\x66\x1f\xd4\xde\x6e\xbc\xda\x5d\x2a\xc8\xe6\x76\x7d"
	"\x83\x9c\xd6\x4b\xa9\x3e\x4e\xc7\x68\xbd\x8c\xed\xda\xa2\x21\xa1"
	"\x60\x89\x2c\xa1\x75\xb7\x17\x8c\x51\x3b\xaf\xfc\x95\x60\x41\xb7"
	"\xea\xd4\xa2\x0d\x9a\x26\x63\xc8\xc8\xd1\x61\xe9\xdc\x79\x62\xf0"
	"\xcc\x01\x51\xc6\x41\xfb\xb1\x19\x11\x34\xbd\x1e\x63\x58\x47\x98"
	"\xeb\x70\xee\xf0\xa0\x03\xc4\x17\x04\x1b\x91\x3c\x14\x37\x9b\xcd"
	"\xfd\x8d\x95\x56\x5a\x7d\x83\xe6\xb8\x5e\xdf\x3a\xd1\x94\x79\x52"
	"\x75\xa7\x7c\xb1\x5e\xad\x10\xd8\xab\x85\xbf\x0b\xea\x25\x81\x31"
	"\xd5\x49\x45\x48\xcb\x31\x1c\xb5\xfe\x2d\xc2\x13\xf5\xca\xbf\x8b"
	"\xf1\x73\xb6\x23\xf4\x31\x26\xa1\x94\xdb\xd5\xfa\x3e\x5a\xc8\x66"
	"\x49\xdb\x55\x5c\xa0\x6d\x6f\xa3\x12\x3c\x91\xdd\x7a\x93\xd5\x4c"
	"\x84\x27\x04\xdd\xde\xcf\x6f\x46\x0b\x8f\xee\x10\x79\xfe\xf3\xe9"
	"\x75\xc6\xbf\xbd\xbe\xbd\xfc\x00\x08\xbf\xd7\xd9\xeb\x6f\xca\x78"
	"\xf8\x3c\x7b\x7b\x79\xfa\xf6\x0a\xfd\x36\xfb\xfa\xfc\xed\x3c\xfb"
	"\xac\xd6\xdb\xe7\x3f\xe0\x9f\x76\x3f\x4a\xc8\x13\x14\x9d\xa8\xb0"
	"\x0e\x83\x61\x35\x2d\xa4\x2c\xb2\x31\xf6\x2d\x84\xfc\x3e\xcd\xd2"
	"\x7a\x47\x66\x5f\x9e\x5f\x7e\xff\x0f\xe4\x00\xfa\xfc\xfd\x3f\xdf"
	"\xbe\x7e\x7f\x1a\xae\xe8\x3a\xaa\x3e\x84\x81\x11\x18\x92\x75\x3e"
	"\xbe\x10\xf0\xed\xed\xfc\x75\x56\x70\xaa\x0d\x05\xe3\xd9\x18\x94"
	"\x62\x41\x79\x1a\x20\x1f\x95\x26\x30\xa6\x5e\x0b\xca\x20\xef\x0f"
	"\xc6\xa4\x4f\x2f\x9f\x43\xaf\x41\xe5\xbf\xff\xf1\xf2\x5d\x6d\x67"
	"\xaf\xdf\x5f\x66\xe2\xed\xe9\xed\x6c\x21\x2b\xce\x7e\xa2\x95\x28"
	"\x7e\xb6\x1c\x37\x97\xfa\x5d\x8a\xb3\xad\xed\xd3\x3e\x3c\x1b\x19"
	"\xcd\x90\x03\x90\x36\xd7\x90\xbd\x28\x93\xa4\x87\xc1\x15\x50\xd5"
	"\x02\x15\xf3\xdc\x7c\xba\x5a\xe9\xf3\xb7\x5f\xcf\x2f\x7f\xbc\x3c"
	"\x7f\x7b\xd3\x7d\xf2\xe5\xfa\xbb\x3f\x85\xb0\x6b\x9f\xd6\x8d\xfa"
	"\x33\x1e\x0b\x90\x9d\x77\x6c\xb8\x5c\x82\xdd\x04\x87\xf8\x7b\xc7"
	"\xd7\x49\xd4\x42\x06\x96\x42\xd0\x9b\x44\xed\xc4\x5a\xfa\xf1\xc4"
	"\xc5\xa9\xd7\xb4\xfe\xe0\x14\x09\xd8\x83\x77\xee\x23\x79\xb0\xb5"
	"\x04\x78\xea\xbb\xf4\x72\xd1\x5c\x37\xa3\xaf\xff\xec\xed\xaf\x3f"
	"\xce\xb3\x9f\xd4\xdc\xfa\xdf\xbf\xcf\xde\x9e\xfe\x38\xff\x7d\x46"
	"\x93\x7f\xa8\x19\xfd\xb3\x05\x83\x3b\xe8\x8c\x2e\x20\x71\xd6\x18"
	"\x2a\x02\x95\xd7\xb3\x2b\x21\x64\x5c\x13\x0d\x7a\xd5\x87\xc2\x77"
	"\xc1\x57\xd2\x0c\x6b\x2a\x20\x0e\x4a\xe2\xb9\xf3\x35\x47\x99\xe9"
	"\xbb\x30\x72\x8a\x66\x0b\x0a\x27\xdf\x3d\x62\xed\xb5\x9b\xe4\xb0"
	"\x06\xb9\x2a\x9e\x7e\xa2\xe6\xe3\x6f\xeb\x8a\xa4\x74\x4a\x82\xeb"
	"\xbf\x27\x84\x04\x11\xef\x11\x51\x03\x1f\x4b\xe6\x67\x64\x9a\x3a"
	"\x3a\x18\x01\xb6\x3f\x87\xa3\x16\x27\x1e\x5c\x73\x24\x72\x2d\xd4"
	"\x70\x01\x6e\x0d\xf6\xeb\x34\xf2\x72\xda\xee\xb6\x4b\x23\x1f\x17"
	"\xba\x9d\x12\xda\x96\xed\x22\x22\xb3\x65\x8b\x08\xb3\x1f\x74\xcb"
	"\x53\xd7\xaa\xff\xf4\x04\xc5\xdf\x94\xd5\x48\x78\xa6\xe6\xaa\x32"
	"\x36\x2d\x62\x74\x0c\x02\xd1\xef\x41\x28\x69\x22\x6f\x27\x84\xc6"
	"\xab\x47\x38\xbd\x8f\x56\x00\x04\x36\x13\x02\x9b\xdb\x98\x40\x71"
	"\x8c\xb6\xa0\x38\x1e\x8a\xc8\x97\x4a\x6a\xa9\xf6\xd4\x2a\xf2\x7e"
	"\x80\x25\x52\x03\x27\x22\x01\x7e\xad\x06\xe7\x43\xfa\xca\x45\x83"
	"\x28\x87\x3b\xa2\x17\xe0\x92\x9d\xb0\x63\xfb\x8b\x4c\x44\x8f\xba"
	"\xc8\xc4\xbb\xa2\x96\xcb\x29\x81\x45\x7c\x7a\x16\xa4\x91\xf5\x9e"
	"\x63\xb3\xf3\x90\x8a\x8c\x26\xa3\x75\xcd\x90\xfd\xac\x85\x21\x89"
	"\xfe\xb8\x24\x54\x42\x97\x9c\xa8\x9a\xe4\x17\x99\x48\x51\xa3\xf4"
	"\xad\xf6\x3b\x68\x91\x4c\x2d\xb4\x50\x84\xf1\x72\x78\x9b\xdf\x95"
	"\xd1\xed\x35\x6e\x99\x3f\x19\x25\x47\xbc\x22\xa6\xfb\x4a\x24\x36"
	"\xb2\xdf\x59\xdb\xe5\x7c\x33\x8f\xcc\xa6\xf4\x20\xc1\xb2\x35\xc0"
	"\xd5\x91\x05\xbb\x8e\xad\xe6\x25\xe4\xe9\x8e\xf2\x09\x96\x22\xcb"
	"\x34\x42\xb2\xc8\x6c\x14\x8f\xc5\xdd\x92\xae\xd5\xba\xb5\xc0\x85"
	"\xf6\xaa\xff\x39\x85\x14\x78\x37\x31\x21\x32\xb5\xcc\x26\x74\xb9"
	"\xb9\xfb\x33\x32\x33\xa1\x2e\x9b\xfb\x5b\x5c\xe2\x94\xdc\xcf\x37"
	"\x91\xe6\xe0\x76\x9d\xd1\x5a\x8a\x89\xf5\xaf\x2e\xd6\x37\x37\x73"
	"\x9c\x3f\x6c\x67\x6a\x6e\x14\x94\x47\x56\xf2\x24\xc3\x79\x95\x48"
	"\xcc\x67\x25\x9e\x47\xda\x3e\xe3\xac\xc1\x8d\x15\x9a\x5f\x5e\x20"
	"\xd6\xb0\xa2\x24\x21\xe7\x64\x81\x38\xb8\xb0\xd3\xba\x8b\x2f\xb0"
	"\xd0\x67\x8e\x92\x97\x63\x9f\x5d\x52\xb8\xa7\x3b\x88\xb2\x68\x4b"
	"\x60\x89\x91\xf4\x6b\x52\x5e\x79\x05\x9a\x33\x3d\x93\x86\xbe\x20"
	"\x25\xd9\x29\xed\x1c\x7e\x84\x57\x00\xf5\x80\x9e\xe2\xf6\x71\xd4"
	"\x25\x72\xc2\xe0\xde\x5e\xe9\xa2\x24\xb5\xc8\x2a\xe9\xbd\x51\x66"
	"\xbc\x04\x95\xf6\xc8\x21\x87\x04\x96\x2e\x07\xde\x84\xe6\x8a\x4a"
	"\x20\x4f\x23\xc1\x58\x10\x2c\x8b\x9c\x3e\x28\x2e\x3a\x26\x15\xef"
	"\x23\x6b\x2a\xb4\xd4\x10\xee\xad\xdb\x93\x61\xdf\xbb\x62\x99\x23"
	"\x6b\xaf\x1f\xd2\x9c\x78\x71\xa3\x57\x9e\xb2\x91\x9c\xcb\xb0\x17"
	"\x52\x97\x32\xea\x95\x13\x89\xe8\x54\x5c\xb8\x5a\xaa\x7d\xea\x02"
	"\x93\x80\xd8\x96\x1d\x7a\x57\xf0\xfa\x66\x72\xdc\x62\x12\xa4\x4c"
	"\x9a\x4a\xed\xb0\x83\xa4\x54\x86\x94\x90\x5d\x05\x07\x91\x97\xc4"
	"\x19\x26\x9f\x13\x32\x32\xdd\xa8\xf3\x0b\x3e\x14\xe2\xe7\x4c\x0f"
	"\xc2\x43\xcd\x34\x86\x30\x63\x6c\x36\x5f\x6e\x6e\x67\x3f\xa5\xcf"
	"\x2f\xe7\x93\xfa\xf3\x73\xc8\x77\x93\xf2\x86\x41\xac\x54\xb8\xec"
	"\x9e\xd9\x95\x95\x78\x0c\x47\x24\xf6\xe7\xcf\x76\xbe\x37\x0f\xd3"
	"\xd7\x0d\xb7\xda\x56\x65\xe2\x5c\x29\xd2\xce\x61\x37\x6e\x6b\x77"
	"\x50\xca\xa4\xdd\x07\x17\x62\x64\x9d\x65\xfb\x03\xc9\xf9\x47\x86"
	"\x07\xd1\x22\x7e\x71\x1e\xb9\xe7\x22\x19\x29\xb0\x60\x24\xf4\x1a"
	"\xe1\xb1\xc5\x38\x70\xde\x8a\x84\x08\xec\x90\x7b\x8b\xea\x45\x82"
	"\xa1\x17\x25\xc0\x44\xac\xf0\x40\x9b\x1a\xcb\x17\xaf\x23\x40\x15"
	"\x13\x6c\x4c\xd9\x54\x39\xe6\xf9\x34\x41\xb6\xbc\xce\x43\x31\x29"
	"\xf2\xe0\x80\x4d\xaa\x9f\xdd\x51\x7f\xf0\x46\x19\xca\x5d\xf0\xea"
	"\xfe\xd1\x5c\x44\xbb\xd6\x23\xf7\xce\x9e\xec\xa4\x10\x65\xe0\xa0"
	"\x42\x47\x45\x5d\x9d\x69\x9f\x5d\x07\x4e\xf2\xfc\xfa\xf6\xf2\xfc"
	"\xcb\x8f\xb7\xf3\xe7\x99\x30\x59\x92\xc9\x35\xcf\xd3\x79\x9c\x48"
	"\x7a\x88\x4e\x76\x47\xac\x5a\xa0\x92\xaa\xe9\x96\x9e\x72\x78\xac"
	"\x1a\x4c\xa5\x91\x8f\x75\x56\x55\x58\x70\x7e\x5f\x1e\x49\x48\x2d"
	"\xdd\x25\xab\x27\x81\x8b\xad\x49\xbd\x59\x18\x28\x40\x6d\x48\x4e"
	"\x54\x21\x93\xf3\xe5\xbc\x9d\x78\x28\x57\xb6\x97\x5a\xf3\xa8\xd3"
	"\xf1\x22\xe7\xb4\xc2\xc0\x45\xae\x8f\x4a\xe6\x02\x8a\x12\xca\x30"
	"\xd5\xb4\x77\x16\x4a\x31\xd5\x88\x82\x7c\x74\x0b\x55\xab\x61\x30"
	"\x4c\x3c\xf4\xac\xb3\x2c\xa8\x9f\xeb\xf9\x7c\x8e\x9e\xb7\xd5\x30"
	"\x84\x96\x61\xfd\x52\x3d\xdb\x29\x0b\x9d\x45\x99\x7d\xd4\x17\xa5"
	"\x13\xd5\x52\x4b\x4f\xa9\xb4\x2a\xa7\x6e\xfb\xf4\x94\x4c\x3c\xd6"
	"\xd0\xe0\xb8\x23\xd0\x17\x95\x9b\xa8\x58\xe6\x48\x33\x64\x3e\x47"
	"\x19\x0c\xe5\x60\x9f\xb0\x45\x57\x8b\xa1\x6e\x07\xa5\x4e\x10\xec"
	"\x0e\x13\x49\x98\x97\x04\x45\x2d\x5f\xdb\x78\x2f\x18\x9c\x52\x77"
	"\xa6\x6d\x6f\x6f\x11\xfd\xb1\x80\x25\x14\x71\xc2\x95\x6d\xb8\x8f"
	"\x28\x36\x64\x25\xdf\x55\xe5\x12\x2d\xac\xc5\xe2\xb3\x24\x2b\xfc"
	"\x13\x12\xfb\x41\x39\xd9\x60\xea\xe1\x9f\x6c\x4b\x12\x7f\xc6\x24"
	"\xe4\x76\x56\xdb\x3e\xb5\xbc\x6a\x5b\x57\x87\x03\x45\x6d\x91\xe3"
	"\xb4\xc8\x76\xd7\x4e\xca\x34\x88\x4c\xce\xf7\x07\x8e\xdd\x06\x18"
	"\x98\x5e\x25\x02\xad\xcc\x58\x2e\x5c\xad\xbc\x27\x75\x72\x8e\x78"
	"\x66\x7b\xf6\x32\xce\xbe\x9d\x60\x4f\xd6\x4c\x19\x98\x95\xbb\x66"
	"\x21\x63\x2a\x99\x5c\xc4\x12\x77\x0b\x30\x09\x00\x72\x34\x4d\xc3"
	"\xf0\x94\x0f\x7b\x9b\xe4\x0b\xc4\x91\xae\x3e\x17\x00\x64\xc7\xcb"
	"\x83\x4c\x8e\xac\x75\x06\x21\x5b\x4c\xd6\x9d\x7d\xa4\x99\x9b\xe6"
	"\xce\x50\xba\xb2\x16\xbd\xc9\x04\x11\x66\x1d\x9b\x2e\xa9\x25\x4e"
	"\xb4\x9e\x58\x20\xa3\xe7\xd8\xee\x26\x9a\x92\x29\xe3\x09\xb6\x33"
	"\x37\xe3\x31\x6f\xef\xb2\x64\xd1\xed\x30\x78\x73\x78\x4a\x59\x10"
	"\x38\xbb\xbe\xb9\x45\x77\x96\xac\x14\x18\x1d\xee\xc1\xa7\x28\x13"
	"\x5d\xbd\x14\x73\x39\xd1\x4c\xa7\xdf\xb3\x7a\x1e\x4c\x2c\x6e\x3f"
	"\x70\x20\x27\xc6\x83\x5b\x0c\xd8\x39\x8e\x6b\x9c\x61\xae\x1c\xe6"
	"\x27\x30\x77\x39\x48\xec\xc5\x6e\x8b\xd1\x91\x85\x88\xb7\xd8\x23"
	"\xe8\x26\xad\x39\x58\x71\xb7\x58\xcd\x14\x03\x79\x26\x2d\xe6\x37"
	"\x0f\xf1\x1e\xe5\xeb\xc5\x5d\xeb\x4c\x9a\x0f\xc5\xc4\xe0\x2c\x48"
	"\x73\x64\xb9\xd3\xd7\xc5\xb1\xc0\x96\x4a\xf1\x10\x1c\xec\xe2\xe1"
	"\x71\x11\xfc\x8e\x85\x2a\x9a\x94\x95\x53\xa5\x22\x6f\xd5\xc0\x45"
	"\x7c\xc4\xc0\x43\x4d\x49\xc5\xbd\x8b\x72\xc5\x29\xca\x4e\x4f\x13"
	"\x7d\xc1\x69\xe3\x0e\xbb\x07\xb1\x5e\xdf\x86\x77\x6d\x60\xdd\xcd"
	"\x23\x2c\xf5\xc6\x1c\x61\x7f\x54\xa5\xb6\x88\x1b\xd9\xab\x4f\x35"
	"\x5a\xd0\x4a\xba\x58\x7f\x40\x22\xeb\x14\xb3\x5d\xdc\x2a\xee\xc4"
	"\xd4\x2b\x1e\x1b\xc7\xeb\x0b\xbf\xe7\x37\x48\x90\x6f\xca\x48\x5e"
	"\x4e\x68\xf1\x25\x51\x8a\x75\xe1\x94\xd9\x93\xc2\x1a\x9b\x58\x2f"
	"\xd7\x8b\x89\x4a\xaa\x7f\x36\x55\x59\x15\x1e\x48\xfb\xc4\x46\xb4"
	"\x5e\xba\xb7\xbc\x4a\xb6\x78\x98\xee\xea\xf2\xa8\x34\x00\x32\x4a"
	"\x8c\x9d\xb0\x60\xee\x24\xeb\xc1\xea\x81\xbb\x16\x4f\x56\x61\xda"
	"\x78\x9f\x97\x8b\x95\x3b\xee\x02\xcf\x67\xca\xe6\x50\x9f\x39\xd8"
	"\x53\x8f\x0c\x2e\x0a\xa4\x7c\xc2\x76\x33\x9e\x68\xe7\x62\x6c\x4e"
	"\x96\xd8\x89\xd5\x3e\x47\x75\xce\x7d\xbe\x43\xcd\xf5\x96\x95\x1d"
	"\xfa\x1c\x9b\xb0\x26\xc0\xfd\x01\xb1\x9c\x4e\x1d\x29\xb9\x57\x8b"
	"\x34\x1a\x31\x62\xc2\xa8\xbd\x2d\xd0\x36\xfd\x83\x8b\x0e\x80\x75"
	"\x4a\xe6\x28\x23\xeb\xf9\x72\x83\x1c\xab\x02\x4b\x56\xe1\xe5\xae"
	"\x59\xcf\x57\x9b\x78\xb3\x1a\xb5\x63\x0a\x22\xc2\x15\x49\x9c\x2f"
	"\xd2\xac\x6e\x6e\x27\x86\x7c\x03\x57\x65\x9b\x60\x61\x82\x14\x4a"
	"\x73\x72\xce\xe8\x85\xb6\x01\x27\x87\xa8\x60\x76\xc2\x49\x9b\xc1"
	"\x73\x37\x79\xb5\xa0\x9b\xc5\xcd\x72\x3e\x51\x1c\x77\x0f\xfc\xb9"
	"\xd8\x60\xc7\x2c\x5c\xcc\x37\x13\x2d\x16\x55\x4e\x9a\x34\x27\xae"
	"\xe3\x40\x20\xbe\x30\x45\x87\x8b\x36\x74\xca\x95\x21\x0a\xe1\x74"
	"\xbd\x28\xe8\x66\x1e\x9e\x0b\xac\xe6\x34\xac\xaa\x40\x21\x9b\xf9"
	"\xbc\x75\x0b\x32\xb4\x3e\xa1\x6a\x55\x3d\x20\x47\x54\x20\x77\x3b"
	"\xb5\xc2\x09\xa9\x97\x78\xe7\x05\xb2\x00\xf4\xa6\xe9\x8f\xea\x3a"
	"\xb7\x32\x52\xd7\x8f\x85\x1a\xf8\x98\xca\xbd\x43\x42\xad\x29\xdc"
	"\x15\x2f\x91\x55\x9a\x1f\xe2\x95\x90\x2c\x3b\xb8\xc7\x87\x86\x32"
	"\xf1\x94\xfb\x04\xef\x68\xad\x36\x6e\x82\xb8\x09\x25\x0e\x2a\xd1"
	"\x97\x77\x74\x17\x6e\xf5\xb3\x6b\x32\x5e\x86\x8b\x03\x2e\xdc\x70"
	"\xa5\x9e\x13\x7d\x5c\xec\x89\x7f\x2c\xdd\xdc\x50\x86\xd2\x9d\xee"
	"\x30\x65\xf4\x22\xb0\x9c\xda\x80\xc5\x63\x59\xd5\xca\x54\x77\x2c"
	"\xa6\x13\xed\xda\x1c\x35\x08\xd2\x24\xe1\x98\x29\x50\xf3\xe0\xd1"
	"\x97\xb2\x1d\x8d\xff\xdb\x72\x7f\x03\xd1\xbb\x8e\x60\x68\xb4\x80"
	"\x3b\x1a\xd8\xdb\x8d\x0c\x97\x5b\x82\x1c\x02\x0d\x05\x77\xc5\xa1"
	"\xc5\x2f\x94\x3a\x52\x70\xb1\xaa\x61\x91\xe2\x26\x6c\x20\x2d\x53"
	"\x51\x70\x02\xe2\xfc\xde\x3d\x10\x4a\xe2\x9c\x3d\xe6\xdc\xba\x20"
	"\x2c\x4e\x8a\xe2\x04\xa2\xb2\x04\xd2\x30\xee\xe0\x9c\x4d\xb1\xc6"
	"\x51\xe9\x9c\xcf\x80\x8e\x5f\xb1\x07\x47\x9d\xf7\xa4\xe5\x81\x33"
	"\x5e\x39\x5f\xe0\xe2\x06\x5b\xdf\x2c\xdb\xce\xab\x92\xfa\x4a\x10"
	"\x87\x82\x16\xaa\xf8\xeb\xfb\x18\xbf\xf7\x66\xa1\x02\x94\x53\x92"
	"\x10\x9c\x5d\x35\x92\x97\x38\x3f\x21\x6a\xb8\x45\x8a\x4f\x6a\xa5"
	"\xf8\xdd\xae\xe3\xfc\xd5\x3d\xd2\x27\x29\x6f\x59\xe2\x77\x09\xa7"
	"\x75\xae\x06\x14\x56\xa2\x36\x25\xbb\xf6\x44\x1e\x51\x91\xff\xa7"
	"\xec\x4a\x9a\xdb\xf6\x91\xfd\x57\xf1\x71\xa6\xea\xcd\x0c\x17\x71"
	"\xd1\xe1\x1d\x20\x92\x92\x10\x13\x24\x4d\x40\x12\x9d\x0b\xcb\xe3"
	"\x78\x12\xd7\x24\x76\x2a\x4b\x55\xfe\xdf\xfe\xa1\x01\x4a\x22\x29"
	"\x34\xc0\x77\xc8\x22\xf4\x8f\xd8\xd1\x68\x00\xbd\x94\xa0\xdc\x22"
	"\x7c\xcf\xf7\x33\x1c\x03\x06\xf6\x08\x6d\x38\x43\x39\xe9\x52\xc2"
	"\x46\x1a\xa6\x4f\x1e\xf3\x96\x5d\xe4\x7f\x3c\x67\x40\x80\x94\x8d"
	"\x22\x74\xb8\x6f\x82\x57\xee\xc1\xfa\xf9\x20\x4b\xe1\x74\x29\xb0"
	"\x58\x6b\x08\x1b\x21\x4e\x14\xf2\x90\xde\x35\x88\x4d\x6a\x4b\x24"
	"\xc3\xa4\x19\x3e\xb4\x47\x78\x2a\xe5\x05\x4a\xef\x68\x49\x2b\xc9"
	"\x8c\xe4\x3a\x0d\x5a\xf8\x1b\xed\x43\xf0\x0b\xc4\xd3\xf5\x3a\x62"
	"\xa6\x8b\xce\x66\x12\xea\xbd\x69\xfa\x0d\xcf\xa7\x91\x0f\x21\x31"
	"\x2f\xc0\x52\xad\x98\x26\xce\x1d\xcd\x42\x1a\x6b\x9a\x19\x4a\xbd"
	"\x57\x4f\xed\xb9\x65\x72\x3d\x41\x89\x69\x71\xf5\xd4\xcf\xa2\x4a"
	"\x19\x87\x1a\x80\x84\x66\x1c\x76\x1e\xca\x39\xeb\x5c\x8e\x92\x94"
	"\xd1\xaf\x10\x8f\xb3\xc7\x17\xd3\x21\x8b\x97\xfb\xd1\xc7\x60\x20"
	"\xa1\x3d\xb1\xdc\xc4\x71\x07\x52\x46\x44\x86\x1a\x56\xdc\x93\x13"
	"\x76\x73\x05\xe4\xa6\xd8\x11\x8e\x98\x48\x02\xbd\x15\x65\xea\x47"
	"\xa6\x1d\xf6\x4a\x0d\xe6\x15\x92\x62\x44\x92\x1a\x2d\xdb\x80\x2a"
	"\xff\x4c\x8e\x13\xe7\xd6\x91\x2e\x4d\xfd\xa4\xc3\x08\xeb\xde\x4f"
	"\x52\x72\x4b\xcd\xf2\x4c\xbd\x18\xcd\x2b\x31\xd0\xfa\xa2\x60\x48"
	"\x45\xce\x88\x6a\x16\x93\x79\x20\xe9\x3b\xb3\x33\x02\xed\xa1\x73"
	"\x2e\x6c\x43\xed\xa0\x9c\xad\x63\x44\xaf\xe7\x0c\xe1\xed\x3a\x41"
	"\xe4\x9d\x11\x24\x75\x41\x24\x1f\x48\x22\xe4\x3c\x3a\x06\xad\x5d"
	"\xa0\x5d\x19\x07\x1e\xb1\x74\x5f\x05\xbc\x3c\xf5\x4c\xdd\x07\x3b"
	"\xc5\xc6\x9a\x3b\xcb\x78\x92\x86\xf6\xb6\xb4\x10\xa6\x53\x0a\xff"
	"\x66\x43\x9b\x51\xf7\xf3\xc3\x86\x17\x67\x75\x0a\xe3\x2c\x19\x20"
	"\xf3\xba\x92\x92\xf6\x2c\x8a\x43\xdc\x36\x89\x54\x41\x12\x60\x4b"
	"\x60\x53\x94\xf7\x63\x15\x25\xf5\x41\xcb\x24\x87\x39\x74\xf3\xa2"
	"\x8a\x86\xd7\x55\x90\xa6\x29\xbe\x5a\xb3\xc0\x7c\x8c\x3b\xb7\xe3"
	"\x23\x39\xb4\x07\x6e\x9c\xeb\x5d\x1a\x84\xbe\xd7\xdb\x56\xbb\x8a"
	"\xb9\x4d\x4a\x86\x68\x8d\x9d\x21\x0f\x72\x97\x3a\x9d\x10\xc5\x05"
	"\x00\xed\x79\x6d\xcd\x40\x0a\x02\x91\xdf\xe1\x73\x9d\x36\x7b\x5b"
	"\x35\x39\x2d\xda\x96\xf4\xd8\xfd\x38\x40\x8e\x65\xec\x58\x05\xd9"
	"\x5e\x1e\xb0\x4d\x5d\x79\x9a\x9d\xc4\x2f\xee\x81\x4e\x39\x47\xe0"
	"\xd7\x67\x7b\xa6\x6f\x3b\x4c\xb4\xa9\x3a\x83\xfc\x69\xd1\x50\x01"
	"\x2a\x38\xe1\xc9\x1f\x2b\x22\x37\x45\xed\xdd\x02\x12\x94\xcf\x1e"
	"\xec\x93\xe8\xe6\x76\x6d\x4c\x8d\xef\x4b\xe4\xa4\x24\x57\xb1\xef"
	"\xb9\x9a\x26\xd8\xf4\x3e\x56\x25\x38\x3e\x32\x3e\xd8\xb6\x19\xdb"
	"\x9a\xef\x91\xc6\x9f\x9e\x9f\xd1\x0c\xa4\x9b\x17\x09\xda\x9c\x02"
	"\xec\x1c\x08\x34\x7c\x9c\xc7\x59\xb6\x9c\x4e\x72\x05\xa6\x42\xcc"
	"\x02\x91\xdc\x4e\x18\xa2\x19\xd6\xb4\x94\x33\xa3\x83\xdf\x71\x79"
	"\x86\xab\x7e\x79\xfe\x29\x5a\x81\x68\x4a\xb3\x13\xdd\xd2\xa2\x73"
	"\xe5\x5a\xe4\x94\xa0\x13\xb0\x25\x53\xb1\x66\x42\xbb\xdc\xd3\x99"
	"\x88\x63\x83\x9d\x31\x61\x1c\x30\x74\x9c\x2e\x10\xfc\xc7\xc7\x9c"
	"\xdc\xf0\xa6\x8f\xb9\x1f\x78\xbe\xa3\x65\xea\x7c\x56\x54\xd5\xe4"
	"\x76\xe1\x41\x54\x30\x91\xa4\x8c\x42\xda\x52\xd9\xcd\x2f\xd8\x2a"
	"\x4e\xe6\x3b\x8c\x53\x56\xc9\x15\xce\x0a\x06\x9e\x6d\x94\x47\x98"
	"\xc9\xa5\x95\xa2\x6a\x2d\x6d\xa3\x6f\xd8\xbc\x57\x0a\x52\xd3\x9b"
	"\x33\xf8\x08\x53\x33\xe0\xa0\x50\x4e\xe2\x60\xed\xd9\x01\xa1\x0d"
	"\x00\x0f\xb3\x37\x81\xb0\xa7\x90\xc1\xb7\x56\x9f\x1f\xe4\xb9\x03"
	"\x73\x0a\x99\x61\xce\x25\xa0\x61\x38\x93\x02\xaa\x92\x2f\xb1\x77"
	"\x1e\x55\x03\xd0\x8b\x47\x54\xc6\xd4\x08\x6f\x0b\xa2\x34\xd0\xdb"
	"\xae\x3f\x91\x7b\xb8\x0e\x32\xbd\xac\xa9\xac\x0e\x52\x32\x1f\xbb"
	"\x19\x83\xb4\x5d\x51\x95\xd3\x2b\x27\xd9\x5a\x58\x2d\xb7\x46\xa9"
	"\x6f\x10\xe1\xef\xee\xf4\x0a\x7e\x4f\xfe\x36\xf8\x3c\x7c\x7d\xfb"
	"\x7c\xf7\xae\x7d\x2c\xfd\xfd\xee\xd7\xbb\x44\xbf\xdc\xfd\xfa\x72"
	"\x46\x19\xae\x11\xb0\x6d\xef\xc8\x3a\xd0\x20\x42\xcc\x85\x72\x83"
	"\xd6\xe5\xdb\xf7\xdf\xbf\x50\xb3\x3a\xe5\x27\x6c\x1c\x2a\x5d\xfe"
	"\x3c\xfb\x14\x9b\xa4\x6d\xb7\x30\x6b\xa7\x0e\xed\x34\x05\x94\xf6"
	"\x66\x8e\x28\x34\x81\x2b\x77\x79\xf7\x0c\x61\x6e\x1a\xc4\x88\x68"
	"\x69\x37\x07\xa9\x9a\x1f\x7e\xbe\xfc\xf8\xfa\xf4\xf6\xe9\xee\xf5"
	"\xed\xd7\xcb\x8f\xff\x3c\xcd\x1c\x01\x0c\xdf\xd7\x72\xcf\xc2\x26"
	"\x9c\x86\x7c\xa8\x1f\xcd\x0e\x48\x35\xb9\x38\x1a\x6b\x5f\x1c\xcd"
	"\x8a\xda\x9a\x7a\x5f\x3c\x82\xf7\x8f\x9b\xae\x93\xe9\x72\x1f\xda"
	"\xd4\x97\xe0\x36\xaa\xf7\x31\xa7\x5c\x97\x6f\x36\xf5\x4c\xbd\xf4"
	"\x9c\x26\xb7\x7a\xf3\x99\x6a\x04\x68\xa2\x08\x11\xe5\x66\x20\xd3"
	"\xbb\xc6\x15\x22\xee\x37\xe6\x2a\x3c\x48\xd9\x1a\xb1\xd6\x1f\x61"
	"\x02\x3f\x76\x60\xf2\xc1\x43\x6d\x1b\xa7\x91\x1d\x59\xde\xdf\x6f"
	"\x72\x5b\x65\xe1\xb2\xd1\x58\x57\x20\xa8\x19\x89\x78\x92\xbf\x00"
	"\x85\x64\x7a\x2b\x3f\x76\x82\xd2\x95\xef\xe8\x5b\x3d\x83\x1d\x0d"
	"\x62\x69\x18\x84\x6e\x4c\x18\xba\xca\xea\x92\x30\x5a\x3b\x40\x19"
	"\x77\x00\x9a\xd6\x0f\x7c\x3b\xa6\x2a\x4e\x02\x61\xf8\x17\x0c\x78"
	"\x2c\x06\xa6\xec\x28\x6e\x78\xc6\x72\x80\x44\x7d\x22\x27\xf2\xe8"
	"\x40\x1d\xaa\xfb\x8d\x63\x64\x6b\xc9\x4b\x56\x8e\x71\x65\x41\x2f"
	"\xea\x43\xb6\xc7\x3c\x43\x5f\x90\x9d\x70\x96\x97\x91\xc6\xf7\x3b"
	"\xc7\x04\xd8\x20\x27\xf7\x11\x13\x43\x79\x8d\xe4\x5f\x10\xbd\x6f"
	"\xf2\xba\x79\x4e\x93\x87\x42\x82\x45\x4d\xb9\x62\xc2\xdc\x01\x40"
	"\x9e\x19\x2e\x80\xac\xde\x20\x06\x1d\x17\xc8\x6e\x8b\x28\x7f\x5d"
	"\x11\x58\xf8\xb2\x09\xa2\x67\x2e\xd0\x81\xca\xe5\xcd\x10\xc7\x2e"
	"\x17\x98\x12\xb5\x49\xe6\x40\x71\x9a\x17\x27\x5a\x61\x51\xac\x2e"
	"\x38\xc1\x10\x3e\x7c\x2d\x4f\x69\x0f\xd8\x31\x27\xd2\xb6\xb4\x76"
	"\x14\xc5\xc8\x4e\xa9\xd0\x38\x2a\xde\x90\xac\xa8\xdb\xcd\x02\xd4"
	"\x86\x20\x5a\x29\x57\x98\xa0\xd5\xce\xd9\x05\x27\x9a\xcb\x1f\x76"
	"\xd0\xc7\x7d\x51\xed\x0f\x8e\xa9\x42\x78\xe4\x21\x1e\x55\x2f\x18"
	"\xd8\xb4\x0f\x46\xb7\xf5\x17\x48\xd7\x90\x91\x27\xc8\x49\xb2\x14"
	"\x57\x30\xca\xdc\x61\xea\x85\xda\x70\x45\xe7\xc6\x87\x35\xbd\x12"
	"\x55\xc0\xad\xd1\x9e\xaf\x7f\xeb\xbb\x96\xac\xc8\xc6\xd5\x19\x93"
	"\x68\x33\x39\xf3\x8c\x48\x3b\x31\x3e\x7c\x8e\x08\x7b\x52\x49\x09"
	"\x70\x67\xa4\xdd\x43\xe0\xaf\xa9\x3d\xce\x85\x66\xbb\x47\x1d\x60"
	"\xf2\x88\x4f\xa5\x90\x7e\x22\x52\x50\x59\xe1\x4d\x05\xf6\xc8\xb3"
	"\xb6\x28\xa6\x16\x15\xd7\xe4\x7e\x2b\x78\x7f\x6f\xde\x41\xc7\xb0"
	"\x5d\x5d\xe7\xb4\x93\x4d\xed\xd6\x69\x1a\xf7\x5b\x53\x99\x66\x7c"
	"\xda\x1f\x9a\x7c\x72\xbf\x8e\xe1\x76\x05\x07\xe1\xde\x0d\x14\x75"
	"\x3d\x75\xce\x3a\x6f\xd0\x36\xd9\x38\x5b\xc4\x85\x82\x1e\xa3\xc0"
	"\x5f\xde\x16\xac\xd0\x71\xf7\xac\xe3\xb9\x93\x14\xe3\x27\x95\x08"
	"\xe3\x3f\x7f\xfe\xa8\x9b\x83\xbc\x44\x55\x69\x26\x9f\x1c\xc5\x60"
	"\x4b\x88\x78\x11\x30\xe4\xef\x68\x5b\x47\x49\xcd\xa8\x4e\x1a\x0e"
	"\x57\x58\x1b\x0d\xd0\xbe\x21\x25\xd3\xee\x61\x9c\xf5\x31\x7d\xbe"
	"\x23\xe0\x9d\x28\x2f\x16\xb5\x7c\x36\xa8\x06\x94\xc8\x73\xda\xe7"
	"\x9b\xac\xbc\x37\xcf\xa1\xa6\x05\x07\xd9\x83\x27\x52\x63\x39\x24"
	"\xe7\x49\xba\x72\x2f\x07\x92\x27\x69\x92\x2c\x83\xad\xdd\xb0\xd6"
	"\xf7\x02\x7f\xd1\xac\x51\x17\x69\x3d\x43\xfc\x5c\x4f\x90\x07\x29"
	"\x43\xd3\x2e\xa3\xee\xa1\xd9\x1c\x02\xdf\xf3\x43\x27\x0e\x1e\x0c"
	"\xeb\xaa\xe8\x69\x56\xa5\x21\x22\x51\x4f\xf0\x8f\x69\x26\xd8\xce"
	"\xf7\xbd\x05\x50\x21\x78\x83\xdf\x0e\xdc\x62\x57\xcb\xc0\x70\x29"
	"\xda\x20\x16\xa7\x63\xdc\x9e\xb0\x86\xef\xe9\x82\x1c\x8b\x42\xb8"
	"\x97\xaa\xe4\xe0\x25\xe9\x16\xc2\x06\x6e\xee\x44\x6f\x0f\x1f\xa8"
	"\xe0\x87\x85\xcc\xda\x09\xa3\x25\x95\xe3\xee\xc6\xed\x0e\xd5\xc7"
	"\x05\xdd\x72\x2f\xb6\x81\x1f\xb8\x17\x45\x81\x89\x45\x53\x90\x7b"
	"\xc8\xd4\xe6\xd7\x9f\x50\x03\xf7\x5b\xec\x92\x15\x26\x4f\x67\xbe"
	"\x9f\x2e\xc8\x52\x9e\xd0\x22\x4c\x87\x7d\x82\x63\xdc\xf7\x57\x6e"
	"\x58\x51\x6e\x09\xef\x19\x6d\x16\x60\xd5\x0f\xf7\x00\xb3\x2e\x3e"
	"\x94\xbd\xe0\xee\x56\xd3\xaa\xe8\xa8\xbb\xcb\xd9\x7d\x82\xf8\xdd"
	"\x9b\xf0\xd9\xa2\x62\xe0\x04\xd3\x3d\xca\x39\x6c\xc2\x51\xe7\xb9"
	"\x39\xae\xfa\x7f\x4b\x77\x7b\xb1\x0c\x7a\xa2\xee\x49\xb6\x90\x3d"
	"\x9e\x72\xa1\x74\x73\x96\xcc\x1e\x7d\xc5\xc9\x9a\x9a\x53\x51\x2c"
	"\xab\x29\x15\xc1\x02\xde\x2b\x07\x51\xb1\x89\x7a\x09\x32\xf0\xbc"
	"\xd5\x42\x5c\xb4\x10\xe7\x5e\xd7\x2d\xeb\x85\x5b\x2c\xe1\xb4\x2c"
	"\x48\xbe\x00\xc6\x17\xf5\x37\x17\x7e\x10\x06\x0b\x60\x6c\xbb\xa4"
	"\x72\x87\x76\xe5\x2d\x41\x6d\xe5\x49\x21\x5c\x24\xb3\xf1\x2e\x8d"
	"\xa3\x05\x83\xd1\xf0\x38\xf2\x12\x37\x33\xfe\x58\x88\x38\x08\xdc"
	"\xf3\xe5\x23\x7e\x92\x9d\x0c\x5a\xbd\x67\x7a\xff\x5f\x90\x27\x77"
	"\xaf\xbd\x3d\xc4\xc2\x50\x82\x02\x2f\xdc\x68\x0e\x9b\xb3\x52\x15"
	"\xca\x79\xf7\xff\x40\x0b\xe4\x22\x66\xd2\x32\xf2\x98\xd3\x03\x5b"
	"\x5c\x97\xd9\xfc\x98\x5e\xed\xd0\xa9\x5a\xb2\x4e\x25\xa7\x34\x0e"
	"\x56\xa0\xc2\x2b\x10\xe5\xfa\x01\x97\x27\xfe\xaa\xb3\x01\x94\x50"
	"\x97\xc9\x7c\x50\xb6\xae\x81\x1b\x46\x7c\xc4\x2b\xeb\x70\xdf\x1d"
	"\x76\x9e\x1c\x4e\x81\xdd\xfa\x69\xd4\x7e\x03\xb1\x5c\xd1\xe0\x22"
	"\xc3\x8b\x00\x4b\xd7\x2b\xbf\x6f\x4e\x2d\x76\xbf\x76\xc1\x81\x62"
	"\xe3\x91\x6e\x5a\xc4\xfd\x8b\xc6\x29\x0f\xa3\x2a\xf2\x4f\x3f\xb5"
	"\xa8\x1b\xc8\x82\x0e\x3d\xc9\x6d\x77\x6c\x8c\xa4\x2b\x6b\x0f\xec"
	"\x9a\x80\x58\xc9\xa0\xc7\x5a\x14\x0d\x16\x87\xf8\x8a\x12\xb4\x14"
	"\xb6\x5b\xe8\x11\x34\x2f\x20\xf8\x66\x6b\x1d\x62\xaa\x02\x39\x88"
	"\x22\xb0\xa0\x64\x4f\xf3\x86\x54\x03\xd2\x06\xec\xc4\x87\xb5\x6d"
	"\x50\xa0\x9f\x19\xb1\xe6\xf1\x58\x10\xd4\x69\xa2\x46\x64\xcc\xf7"
	"\x6c\xa5\x80\xf3\x8c\x12\x06\xdd\xb0\x06\x26\xc0\x83\xf1\x85\x6a"
	"\x7e\xff\x3f\x54\x3d\xdb\xa6\x11\xe2\x32\x69\x40\x9c\x98\x7b\x08"
	"\x01\xa4\xe6\xa4\x6b\xec\xda\x5a\x90\xf6\x11\x2c\xb0\x5c\x43\x98"
	"\x77\x65\x68\x5d\xc7\x94\x81\xcf\xfa\x83\xb5\x47\x49\x88\xc9\x8c"
	"\xc3\x7b\x9b\x8a\x8c\x01\x0b\x58\x1e\x0b\x5b\x62\x5b\x79\x79\x7b"
	"\x0c\x62\xaf\x5b\xb0\x6c\x14\x32\x8e\x16\x23\x13\x2b\x92\x33\xea"
	"\x23\x9a\x56\x2d\xa3\xb7\xe7\xb2\xe9\x13\xa4\xba\xa4\x6c\x5a\x3a"
	"\xf5\xd5\x33\x4a\x06\xb7\xa2\xfd\x16\x09\x1a\x39\xc7\x89\xa2\x70"
	"\xe2\x86\xcb\x99\x59\x96\x38\x70\xea\xbc\x7f\x56\xa2\x8f\xb9\xce"
	"\x9e\xe0\xf8\xb2\x8a\x6d\xc3\xc0\x4b\x6f\x9e\x4c\xf7\x4f\x3f\x3e"
	"\x29\x17\xba\xf4\x5f\xf5\xdd\xd9\xaf\xe6\xc5\x17\x6f\x3b\x5d\x34"
	"\x2a\x01\xfe\x46\x3d\x07\x68\x04\x84\x0d\xba\xc7\x1c\x11\x2a\x44"
	"\x93\xc9\x8d\x32\x30\xe9\x8f\x2a\x72\x49\x37\x92\x7c\x5b\x74\x4b"
	"\x4e\xb6\x62\xb5\xf7\x8e\x06\xd1\x6d\x18\x4a\xe6\x01\xc3\xbc\x6d"
	"\x0d\xd9\xb4\x99\x23\x0f\xd2\x6c\xec\x00\xfd\xa8\xc8\x31\xcd\x3c"
	"\x54\xb4\x86\x3b\x2a\xa3\xdf\xea\xec\xcb\xd3\x8f\xa7\xe7\x5f\x2f"
	"\x3f\x46\x0e\xee\xcf\x72\xc5\x54\x2f\xf7\x68\xd4\x37\xac\x68\xb7"
	"\x4e\xfb\x46\x4c\x8d\x49\xb4\x93\x45\x95\x8c\x36\x86\x94\x10\x6d"
	"\x5e\x47\x5a\x42\xbc\x63\x56\xf5\xc7\x1a\xb3\xe1\xec\x77\x1c\x11"
	"\x9f\x20\x9e\x8d\x14\xbd\x8d\x11\xac\xca\x5c\x0a\x41\x2a\xe0\x0f"
	"\x04\x51\x9a\x06\x3d\x3a\xce\x02\x42\x68\xdf\xb0\x2f\x3f\x5e\x9f"
	"\xbe\x9a\xd4\x22\x86\x36\xa4\xc1\x74\x27\xd7\xe1\x25\xdf\xdf\xfe"
	"\xa1\x08\x3f\xf5\xe7\xca\x1d\x8f\xc1\xbf\xd4\x90\x07\x4c\xeb\xbe"
	"\x29\x3d\xdf\xb3\xf5\xd6\x05\xe5\xdb\x50\x2a\x6c\x49\xa6\x18\x2f"
	"\xeb\x41\xbb\x7e\xae\x29\x3a\xff\x00\x62\x95\xa1\xae\x0a\xc7\x90"
	"\xce\x06\x81\x40\x8d\xe5\xec\xb4\x38\x45\xcc\x75\x85\x86\xe4\x0f"
	"\xc8\x30\x9e\x8b\xe6\x0c\xcf\x12\x22\x31\xee\x8a\x8a\x1a\xb2\x3d"
	"\x93\x7a\x9b\x13\xa8\x11\x76\xcf\x5d\x88\x13\x15\x7b\xb9\xa3\x94"
	"\x5b\x1d\x49\x19\x73\x47\x37\x7c\xc1\xb3\xac\x42\x6c\x0b\x2e\x08"
	"\x3f\xa6\x3c\xe9\xac\xdd\x3a\x70\x9e\x0f\x82\xec\xd0\x50\x98\x53"
	"\xa8\x0b\x46\xb7\x5d\xdc\xc5\xd6\xe1\x1e\x2c\x17\x1a\xee\xcc\x4c"
	"\x72\x34\x1b\xb9\x6d\x02\x1b\x79\xcb\xcb\xbe\x6c\x5c\x65\xc8\x5f"
	"\x45\x47\xe4\x46\x93\xd3\x1d\xcd\xe4\xba\x6d\x6d\x68\xf0\x85\x88"
	"\x05\x38\x92\x0c\xad\x57\x7b\x96\x59\x5c\xdc\x1f\xb3\x3e\xcf\x90"
	"\x33\x50\xc3\x40\xb2\xaf\xf2\xd2\x68\xcc\xb5\x3f\xc9\x1d\xa4\xca"
	"\xa7\x6a\x9f\x97\x44\x15\xb0\x40\x72\x66\x2c\xe0\xcc\x15\x68\x9e"
	"\xed\x13\xfa\xc0\x5b\x47\xb1\xf7\x2e\xd4\x5b\x3f\x38\xa4\x69\xc0"
	"\xf7\xc7\x2d\x5b\x1b\x1c\x65\x3e\x1b\xb8\xff\xc8\xa7\xf9\xc9\x16"
	"\x04\x4e\x64\xf2\x4f\xc3\x90\xf8\x6f\x47\x74\x27\x97\xb3\xab\x7c"
	"\x34\xc5\x90\xca\x5f\x9f\x3e\xdf\xf1\xb9\x5a\x18\x84\x91\x96\xc7"
	"\x5f\x32\x32\x63\x51\x49\x2a\x96\xcc\x81\x8f\x2c\xe8\xa0\x73\xb6"
	"\x84\x8b\xec\xd8\xe4\xd3\x54\x92\xf3\xa6\x6d\x26\x87\x5f\x48\x6e"
	"\xf3\x8d\x49\xad\xea\x3c\x68\xed\x81\x0b\xe5\xf1\xfa\x12\xd6\x4f"
	"\xeb\x51\x05\x99\x41\x79\x6d\x1c\xe2\x4d\xfe\xe8\x95\xae\x05\xad"
	"\xb6\xf5\x34\x19\x6e\xd5\x88\x98\xa5\xc9\xc6\x69\xbd\xaf\x51\x22"
	"\x53\xba\xf2\xda\xd0\xef\xf7\xd7\x5f\xaf\xdf\xbf\xbe\xfc\x91\xc3"
	"\x04\x85\x67\x5f\x5e\xbf\x9b\x36\x13\xf8\x8c\xb4\x1b\x2d\x23\xc8"
	"\x4c\xe5\x99\xaf\x42\xcc\xe9\x87\x12\x70\x4b\xc9\x2b\x40\xfe\x6d"
	"\x45\x94\x22\x5b\x85\xc8\xd5\xe7\x19\xd3\x64\x64\x1d\xad\x4c\x2f"
	"\x94\x53\xc4\x9f\xc9\x41\xea\x4c\xa2\x55\x26\xda\xd2\x5a\x00\x66"
	"\xc7\x09\xf4\xbc\x58\x9a\x0b\x2b\xbb\xac\x29\x73\xa4\x9a\x43\xa4"
	"\x45\x90\x1d\xa6\x43\x45\xca\x5d\xbd\xb9\x86\xbd\x84\x21\xba\x08"
	"\xbf\x10\xd0\xe1\x3a\x54\xc3\xd2\xbb\xe3\x0c\xd2\xbf\x40\x40\x87"
	"\x6b\xd0\x34\x93\x8c\xa1\xb3\xa7\x7e\x14\x46\x68\xcd\x15\x3d\x0e"
	"\xed\xf4\xce\x42\x67\x79\x12\xc5\x36\x32\xb8\x91\x43\xe9\x14\x7b"
	"\x65\x50\x44\x8e\xdd\x04\x49\x62\x43\x69\xb7\x42\xa9\x95\xba\xfa"
	"\x0b\x50\x3a\xa7\x3c\x8a\xd6\x91\x8d\x1e\x23\xe7\xbb\x81\xbc\x8e"
	"\xf1\x99\x7d\x44\xec\x41\x06\xda\xec\x2d\xee\xca\x17\xfe\xfa\xf9"
	"\xeb\xe5\xdb\xdd\xbf\x21\x38\xa0\x1e\xcd\xbb\xbf\x7d\x93\xc3\xfc"
	"\xf5\xaf\xbb\x97\x6f\xff\x7e\xf9\xf4\xe9\xe5\xd3\xdd\xbf\x06\xd4"
	"\x3f\xa4\x8c\xf8\x2c\x97\xf2\xdf\xe7\x03\x3e\x38\x8a\x43\xcb\xcf"
	"\xc0\x82\xd9\xba\x72\xf3\x82\xd3\x5d\xa5\x22\x8f\x9a\xfc\x7c\xa3"
	"\x58\xc4\x92\x02\x60\x05\x2b\x8e\xf8\x60\x58\x6b\x53\xd5\x8c\xe4"
	"\xf4\x1e\xa5\xd7\xb8\xe2\x9e\x9a\x26\x19\x71\xb7\xa2\xe9\x88\xb5"
	"\xfa\x0f\x87\x06\x59\xd6\xca\xcb\xc7\x5c\x88\x04\x42\x7b\x1f\x76"
	"\x96\xe9\xc3\x04\xe2\x78\x14\xc8\x83\xd9\x37\xfe\xbd\x16\xb1\x6e"
	"\x15\xb6\xff\xc8\xbd\xf8\x4d\x1e\x18\x24\xe6\x5f\x9a\x4b\x3c\x7d"
	"\x7a\xfa\xfe\x0b\xe7\x0e\x39\xad\x41\xa5\xfc\x10\xe0\x95\x19\x02"
	"\xf7\xc9\xb3\x2f\xf6\xee\xa4\x9a\x5b\x6f\x6a\xb1\x3d\x7c\xfc\xd8"
	"\xd7\x1c\x89\xad\xac\x5a\x46\x6a\xde\xcb\xa3\x12\x0e\xa0\x15\x04"
	"\x09\xbe\x8d\xcc\x52\xff\xfa\xa2\x37\xb0\xa1\x61\xa3\x45\x32\x6f"
	"\x14\x6c\xce\x96\xd9\xc6\xc5\x61\x83\x13\x4b\x72\x2c\x2c\xb3\x1d"
	"\x14\x4f\xf0\xb0\x68\x17\x08\x30\x75\x07\x64\x26\xc3\x9c\xe5\xd0"
	"\x66\x7a\x1c\x69\x28\xea\x68\x1b\x68\x4c\x0a\x2c\x57\xd9\x02\xde"
	"\x62\xd8\xd3\x4f\x18\xef\xec\xba\x31\xe4\x86\xc3\x27\x84\x24\x51"
	"\x02\xbf\x59\x18\x06\x72\xa7\x23\x97\x68\x8f\x3f\x28\xcc\xe6\x55"
	"\x01\xe8\x36\x6e\xa4\x1b\x77\xe6\x1f\x28\x04\xe5\x0e\x40\x84\x43"
	"\x00\x1a\xb3\x49\xd2\x6b\x3d\xa5\x50\xba\x3c\x10\x07\x01\x4e\xed"
	"\x48\x80\x9d\xb0\x2e\x64\x94\x73\x00\xe4\x6c\x63\x8e\x02\xcc\xac"
	"\x45\x51\x4c\xac\x05\x08\xf2\xe8\x97\xca\xed\xc9\xc3\xeb\x6d\x65"
	"\x20\x00\xe8\xc0\x9b\x11\x4e\xbd\x61\x2f\x13\xf2\xc7\xc7\xea\x81"
	"\x35\xfd\xee\x61\xd6\xf1\x97\x39\xd8\xfc\x78\xff\xf5\xfe\xfc\xfe"
	"\x75\x98\x8c\xe3\xab\xbb\x46\xcd\xaa\x99\x9d\x02\xa4\x42\x28\x4b"
	"\x08\xc7\x79\x13\x03\x6e\xda\xb0\xb2\x88\x83\xce\x43\xe9\xf8\xf2"
	"\x55\x93\x4d\x1b\x07\x1a\xfb\x7b\x1c\x3b\x19\x7e\x29\x2e\xd2\x30"
	"\x15\xc0\x77\x33\xad\xec\x8c\x68\x59\xa0\x12\x29\x59\xbd\x7e\x1f"
	"\x18\x99\xae\x33\xb0\x00\xd7\xdf\xa3\xe4\x8d\x83\x5e\xa2\x74\x43"
	"\xcc\xd6\x21\x49\x55\x7b\x2e\xc7\x1a\x20\xd5\x6e\x72\xb7\xb5\xe7"
	"\xd4\xe8\x58\x60\x52\x84\xfc\x79\xdb\x11\x5a\x62\x6d\xf8\xdd\xf3"
	"\xd7\x57\x1d\xb1\xed\xf6\xdc\x01\x1f\x66\x25\x05\xcf\x96\xf7\xea"
	"\xa4\x6b\xb6\x12\xbc\xa2\xd4\x25\x9c\x0b\x34\x67\x1a\x97\x9a\x7c"
	"\x86\x70\xf1\x4f\xbf\xde\x7f\xdc\x4a\xd6\xa2\x91\xf5\x7c\x7f\xfe"
	"\xef\xed\xf9\x4c\x92\x7a\x3f\x4a\x53\x99\x7b\xad\xd4\xd7\xc7\xf6"
	"\x51\xda\x15\xcb\x1d\xd8\xf7\x54\x85\x38\xd5\xad\xf2\x38\xa1\x4e"
	"\xed\x5c\x10\xd6\xc0\x55\xcf\xc8\x50\xea\xe9\xd3\xa7\x57\x30\x9f"
	"\x92\xdb\xb4\x2a\xed\xe7\x3f\x47\xe5\xe8\x63\xc6\xb9\x80\xe6\xf5"
	"\x6d\x16\x16\xf9\x8a\xd3\x27\xbc\xd1\x77\xf2\x7f\xb7\x01\xc8\xaf"
	"\x84\x59\x70\x75\xdb\x81\x66\xa0\x81\xec\x6e\xa5\xb3\xac\x09\x42"
	"\xee\xa5\x56\x10\x97\xcd\x37\xba\x2b\xbf\x00\x3a\x39\x9b\x67\x6d"
	"\x51\xb9\xf3\x69\x10\xc9\x73\xa5\x9a\x87\xd4\x8b\x57\xf6\x8a\x03"
	"\x26\xb5\x63\x68\xf3\xb0\xf2\xfc\xb5\x0b\x83\x96\xb5\x6d\xc9\x0e"
	"\xdc\xb1\x16\x83\xa9\xce\x39\x5e\xb3\x52\x54\x77\xe7\x9a\xd8\x6b"
	"\x27\x1b\x9f\xc6\xc8\x35\xdb\x18\xb3\x76\x61\xc0\x47\x82\x1f\x39"
	"\xf3\xe9\x16\xd4\x67\x8d\x18\x19\x4d\x30\xeb\x05\xf9\xac\x63\xcb"
	"\x74\x50\xbb\x9e\xe2\x9c\xc0\xdf\x4c\x33\x40\x23\xf8\x46\x23\xec"
	"\x93\x8f\x21\xbe\x36\x2e\x80\x9c\x31\x22\xc7\xaf\x30\x15\x24\x89"
	"\x7c\xdf\xd2\x7b\xeb\xec\x65\xb2\x7b\x3d\xe3\x44\x15\x58\x80\x80"
	"\x33\x42\xb4\xb4\xba\x47\xb4\x32\xae\x75\xe8\x9a\x96\xd0\x96\x5a"
	"\x2b\x51\x4e\xa5\xc6\xc9\xe8\x23\x5a\x4b\xa3\x46\xba\x26\x9a\x84"
	"\xac\x82\xb5\xc9\xff\x28\xcc\xfc\x89\x1b\xaa\x7a\x7b\x7e\xd1\x9e"
	"\x22\x20\x40\xf1\xdc\x19\xa8\x66\x44\x73\x46\x3d\xfa\x4e\x87\x8a"
	"\xbb\xdc\x63\xbd\x7c\x7b\xff\xf1\xd7\xdd\xb7\xa7\xef\xdf\xe5\x31"
	"\x58\x7d\x66\x90\xff\xd5\x77\xc9\xaa\xd3\x0e\xba\xcc\x8f\x59\xcd"
	"\xe5\x4d\x0e\xa7\xe7\x27\xd2\x6c\x70\xf2\x56\xc0\x3f\xd8\x8b\x8b"
	"\x82\x5c\x58\xb0\xed\xf0\xa9\x91\x2d\x2a\xe2\x2a\x3a\x93\x7b\xce"
	"\xa1\xc1\xe9\x52\x86\x8d\x7d\x9c\x2c\x7b\x31\x43\x54\x61\x14\xbd"
	"\x83\x9a\x5a\xc8\xe6\xb3\x26\xdc\x57\xa8\x6a\xbf\xfc\xf9\x2e\xb7"
	"\x3e\xd3\x30\xd8\x0c\x3a\x07\x40\x65\x69\x96\x32\x11\xf4\x3c\x07"
	"\x00\xf1\x24\xaf\x3b\x06\xae\x05\x43\x2b\x00\xf4\x2c\x2c\x00\xbd"
	"\x39\xe1\x74\xd1\xd0\x2c\x48\xfd\xdb\x27\x3c\xb6\xcd\x6f\xbb\x67"
	"\xb8\xc0\xa3\xae\x8e\xdb\x88\xb4\xb3\xd6\x9a\xf6\xca\xe7\x3b\xc2"
	"\x90\xb5\x4a\x47\x9e\x85\x81\xdf\x19\xe5\x73\x47\xf1\x72\xf9\xf8"
	"\xc8\xae\x37\x1a\x18\xcb\x8c\x63\x59\x18\xa6\xa9\x65\xe4\x1a\xca"
	"\x6b\x24\x5a\x9f\x9e\x73\x2d\xf1\x57\xd3\xd8\xdd\xda\x90\x9a\x6f"
	"\x90\x5e\xdd\x81\x45\x3e\xa7\xed\xf6\x2c\x30\x4d\x9b\xa5\x2c\xfb"
	"\x81\x6a\xb4\xaa\x37\x37\x45\xeb\x69\x91\xa3\xe9\x98\xae\x69\x67"
	"\xc3\xe9\xd9\x27\x2a\x59\xb9\xed\xe0\x62\x63\xc9\x5a\xe3\xd0\xb5"
	"\x3f\x07\xc1\x7f\x05\xf6\xda\x35\x06\x97\x22\x0b\xd6\x51\x60\xaf"
	"\xf6\x4d\x78\x3e\xb5\xad\xe6\xf0\x58\xd1\xa3\xe6\x28\xe3\xef\x0d"
	"\xb5\x31\xa0\x14\x73\x19\x09\x77\x23\x92\xe6\x4b\x58\xf7\x69\xaa"
	"\x4e\xaa\xb7\x5b\x2c\x5c\x04\x60\xda\x42\x05\x16\x9d\xd7\x7a\x92"
	"\x29\xb8\x75\x28\x1f\x6f\x0b\xd3\xe9\x16\x9f\x0d\x0d\x38\x14\x04"
	"\x28\x1a\x74\x08\x98\x3c\xc9\xb3\x7e\x43\x84\xdc\x53\x1e\x11\x87"
	"\x70\x5c\x58\xb2\x19\x3e\xed\x73\x1e\x24\xc8\xba\x99\x40\x7c\x37"
	"\x24\xb0\x42\xca\x62\x57\xf7\xc5\x31\xb4\x82\xf8\x06\x71\x72\xb1"
	"\x87\xb0\x59\x2d\x4a\x3f\x7f\xbf\x79\x08\xd0\xb8\xa3\x67\x0c\x58"
	"\x1a\x24\xde\xca\x5b\x02\x0a\xac\xb5\xa1\xbc\x01\x90\x15\x23\x33"
	"\x4a\xd7\x5e\x68\xc5\x94\x4d\x9a\x20\x16\x1c\x67\x08\xba\x64\xaf"
	"\xe5\xa8\x00\x77\xf6\x72\x44\x16\xc6\x91\x6f\xc5\xe4\x85\x28\x32"
	"\xa1\xdc\xdf\x74\xfe\x2a\x46\xde\x59\xce\x68\x2d\x18\xb3\xcd\xc6"
	"\x8a\x92\xa3\xb2\xf2\xa3\xce\x8d\xc1\x1c\xa9\x8c\x30\x41\x94\x38"
	"\x31\x09\xf2\xf8\x34\xc2\x44\xa9\xa3\x2c\xd9\xa8\x70\x95\x58\xe7"
	"\xc8\x8e\x1c\x76\x85\x66\x7d\x2b\xfb\xf2\x68\x45\xe4\x85\xf6\x39"
	"\xd0\x8a\xf5\x2a\x42\x5c\x3b\xc4\x03\xea\x66\x73\x7a\xf8\xfd\xf4"
	"\xf5\xf9\xfd\xdb\xb7\x3b\xf1\xf2\xfc\xe5\xed\xfd\xeb\xfb\xe7\xd7"
	"\x97\x9f\xff\x73\x47\xdf\x9e\xff\xa9\xf4\xa4\x3e\xbf\xfc\x50\x97"
	"\x04\xdb\xdf\x2f\x5f\xef\x76\x4f\xbf\x3f\xbf\x98\xae\x43\x94\x8a"
	"\xf0\x56\x71\x16\x73\x1d\x47\x00\x93\x01\xaa\x22\x3f\x4c\x5d\x6d"
	"\xb3\x8d\x1f\x46\xbe\xb6\xcb\xd0\x2d\x34\x7a\x8c\x06\x54\xa4\xaf"
	"\xd0\xce\xb8\xc9\x06\x01\x39\x4b\x54\x80\x95\x2a\x69\xd1\x4d\xb9"
	"\x69\x67\x2a\x73\x9a\xe9\x43\x55\x1f\x6b\x07\x39\x42\xd4\x30\x65"
	"\x11\x6b\x6f\x28\xa2\x6f\xcc\x86\xd6\x06\x54\xdf\xf0\xc7\x9b\xba"
	"\xae\x53\x6b\x5d\x61\x16\x46\x76\x08\xcc\x31\x15\x9d\x70\x2b\xd9"
	"\x9f\xe2\xc4\x69\x81\x48\x69\x75\xa5\xc3\xff\x19\x6f\xaa\x04\xb5"
	"\xcd\x22\xc3\xb4\x81\x55\xb4\x4e\x3a\xac\x23\x6e\xb9\x4f\x95\x7a"
	"\x46\x27\x5f\xfb\x13\x9b\x05\x7b\x81\x84\xfe\x88\x04\xb3\xd4\xd4"
	"\xe1\x5d\x64\x76\xcf\xad\x75\xd9\x9e\x7e\xc9\x43\x9a\x59\x03\x0e"
	"\x6c\x66\x39\x98\x06\x84\x88\x6d\xd8\x08\xb2\x5a\x02\x49\x1d\x10"
	"\x06\x36\xa6\x0b\x30\xd1\x02\x4c\xbc\x00\xb3\x76\x63\x42\x67\x7d"
	"\xd6\xc1\xca\x73\x60\x84\xec\x41\x37\x66\xb5\x08\xe3\xbb\x31\x71"
	"\xe0\xc6\x24\x0b\xca\x4a\x1c\xfd\xcc\xb3\x24\x76\x8d\x17\x6f\x0a"
	"\xc4\x36\xe1\x02\x11\x5d\x63\xcf\x24\xe7\x71\xe0\x39\x10\xbe\xab"
	"\x26\x34\xba\x07\x1d\x4b\x2b\x66\x9b\xf8\xa9\x17\x6d\x9d\x98\x34"
	"\xd8\xee\x1c\xa0\x28\x4c\x22\x6e\xc5\xec\xca\xc8\x4f\x51\xf5\xc8"
	"\x0b\x26\xf0\x5c\x98\x24\xf6\x88\x0b\x61\x9f\x11\xfa\xce\x04\x31"
	"\x79\x3d\x83\xf6\x74\x1f\x63\x3a\xf5\x97\x4e\x06\xc7\xea\x27\x2c"
	"\xae\xe5\x05\x25\xd2\xc4\x0a\xf8\x90\xad\xec\x15\x96\xa2\x7a\xeb"
	"\x07\x8e\x49\x51\xd2\xaa\x20\xbb\xc2\x8e\x51\x02\x49\xe4\xc6\xac"
	"\x3d\x17\x46\x4a\x6d\xbe\x13\x13\xf8\x91\x1b\x13\x04\x6e\xcc\x6a"
	"\x41\x3e\xb1\xb7\x00\x63\xaf\xb3\xb2\x34\xf6\xdd\x98\xd8\x8b\x23"
	"\x37\xc8\x5f\xbb\x31\x71\xea\xc4\xac\x13\x17\x24\xf4\x13\x47\x27"
	"\x4a\x50\x1c\x87\x6b\x37\x66\xb5\x20\x9f\xc8\x73\x63\x16\x55\xda"
	"\x31\xcb\x58\xd6\x84\xae\x1d\x52\x64\x98\x2d\xe7\x95\xb7\x67\xa8"
	"\x5a\xf2\x30\x33\x18\xa2\x71\x76\x05\x38\xf6\x0f\x09\x70\xe6\x10"
	"\xb9\x00\x89\x0b\x90\x3a\x00\xa9\xab\x92\xa9\xab\x92\xa9\xab\x92"
	"\xa9\xab\x92\x2e\xc6\x21\xe5\x07\x17\xc0\x55\xc9\x75\x14\x84\x2b"
	"\x37\x66\xe5\x2f\xc0\xd8\xdb\xdb\x64\x69\x12\x3a\xd8\x0a\x60\x56"
	"\x81\xbd\x5b\x2a\x01\x5a\x54\x45\xcb\x28\x17\xa8\xc6\xf7\x00\xcd"
	"\x84\xe4\x09\xa1\x13\x93\x38\xe6\x93\xc4\x24\xa9\x17\x38\x31\x6b"
	"\x6f\xe5\x68\xde\x36\x8d\xd6\xc8\x95\x24\xc3\x94\xd3\x2f\x5f\x9f"
	"\x98\x73\xa3\xe5\x7b\xe1\xd8\x25\x24\xc2\xc1\x05\x24\x22\xfc\xe3"
	"\x42\x64\x8e\x3c\x2c\x3a\x98\x17\xc1\x8b\x15\x7e\x12\xda\x07\xbb"
	"\x60\xd9\xfc\xb6\xd8\x84\x09\x7c\x37\x26\x3e\x05\x9e\xa3\xd2\x8c"
	"\x67\xab\x84\x2d\x03\x39\x96\x9e\x86\x6d\x42\x07\xeb\xe6\xd9\x3e"
	"\x8a\xbb\x0e\xb4\xbf\x5d\x92\x0f\x17\x82\x27\x91\xab\x72\x2c\x8e"
	"\x5d\x27\x9c\xcc\x0f\xd2\x3c\x75\x1e\xa8\xb8\xef\xf9\xae\xac\x78"
	"\x92\x06\xa9\x1b\x93\x38\x04\x7d\x39\x38\xa9\x4b\x04\xaf\x48\xe0"
	"\xad\x9d\x10\xc7\xe6\x24\x21\x61\xe0\xdc\x04\x13\xfb\x2a\x16\x7b"
	"\x96\x39\x76\x6d\xc1\x1a\xdf\xc1\x2f\x14\x24\x74\x43\x52\x17\x64"
	"\xe5\x98\xd5\x00\x71\x34\xf9\x48\x49\x9c\xc6\xf6\x83\xc0\x51\xf8"
	"\x81\x43\x98\x3b\x0a\xf0\xaa\x6f\x85\x9c\xd2\x30\x49\xfd\xdc\x89"
	"\x59\x2f\xc1\x04\x0b\x30\xa1\x1b\x12\xb9\x20\x65\x92\x46\x82\x2f"
	"\x40\xc5\xd5\xce\x85\x8a\x83\x64\xbf\x5d\x00\x2a\xf6\xa6\xd0\xca"
	"\x6a\xdf\x23\xe5\xc8\xfd\x97\x4e\x00\x25\xec\x76\x57\x54\x60\x59"
	"\x39\xbc\xaa\xf4\x79\x51\x92\xc7\x9e\xf1\xff\xf5\xe6\xe0\xf3\x3d"
	"\xd0\x2c\xb9\xde\xde\xa6\x9d\x5a\xaa\x3c\xf2\x81\x42\x43\xc3\x6f"
	"\xe9\x79\xb1\x25\x87\x12\x4c\x8b\x8f\x10\x35\xa7\xe9\x4f\x94\x4f"
	"\x3d\xac\x19\x80\x5b\x42\x5b\xb9\x87\x60\x8a\xa1\xa6\x4f\x94\xcf"
	"\x7f\x5c\xff\xc6\xf4\xc9\xf0\xc6\x07\xde\xcb\x09\x26\x28\x9c\xbf"
	"\xc3\x6b\x65\x00\x5a\xdb\x09\x00\xd0\x9a\xed\xe7\xaa\xb3\x06\xdc"
	"\xb5\x51\xb7\x1d\x0b\xf4\xb2\x3e\xc9\x83\x28\xa3\x82\x63\x25\x59"
	"\xda\x78\xbe\x14\x6c\x0e\xa3\x59\x33\x72\x57\x5e\x83\x3e\xa6\x26"
	"\x18\x3e\xcb\x8b\xe3\xb6\x2d\x1e\x4c\x9f\x5e\xa7\x9c\xcd\xe1\xfa"
	"\x43\xdd\xd2\x07\x53\x01\xea\x9a\x90\x64\x0d\xbd\xa3\x95\x08\x57"
	"\x5e\x07\x9a\x73\x3f\xbe\x4d\x2c\x69\xc7\xcf\x96\x4a\x5f\x08\x22"
	"\xc7\xcb\x66\x92\x76\xf2\xac\x39\x7e\xa1\xc3\x9b\x72\xae\xaf\x80"
	"\x05\x76\xd6\x38\xb9\x5c\xe8\xe3\x85\x0b\x7a\xf9\x54\x0f\x42\x9f"
	"\x67\xc7\xd1\x12\x00\x00\x38\x58\x07\x67\xf2\x7a\xed\x4e\x69\xa4"
	"\x6e\x54\x94\x8a\xac\xae\xc1\x24\xf4\x26\xe2\x1d\x60\x20\x78\xc8"
	"\x0d\x7d\xe4\xd3\x5f\x23\x6e\x3d\x10\x5e\xa2\x60\x9d\x1d\x54\xd8"
	"\x0a\xd9\x64\x5a\xa1\x34\x9a\x5b\xb9\x29\x82\xec\xc1\x46\x36\x13"
	"\xcc\x29\x85\xa9\xfb\xce\x39\x80\xe3\x06\x6d\xf3\x37\x6b\x26\x74"
	"\x3e\x9b\xa6\x65\x5d\x4f\x9b\x82\xdc\x3b\xda\x06\x3a\xa9\x3c\x23"
	"\x0a\x31\x45\x9a\xdf\xf2\x89\xc8\xf6\x79\x6d\x54\xc7\x05\xaf\xa2"
	"\x35\xe7\x54\xc7\xb3\xd1\xda\x10\xef\x6f\xaf\xcf\x3f\xef\xf8\xeb"
	"\xd7\xd7\xe7\xf7\xb7\xbb\xcd\xd3\xf3\x7f\xbf\x7f\x7d\x7a\x7b\x99"
	"\xdc\x53\x73\x93\xcf\xc5\x4d\xc6\xc8\x38\xbb\x71\x14\x3b\x72\xab"
	"\x0e\x02\x46\x78\xff\xf9\xfd\xf6\x0c\x9a\x9f\xb7\x31\xf7\xce\xfd"
	"\xbd\xcd\x6f\xec\x9c\x21\x8d\x64\x22\x5d\xaf\x22\xf3\xde\xab\x00"
	"\x3c\x4c\x90\x7d\xf7\x4c\x46\xae\x2b\xb4\x12\x33\x28\xea\x20\x97"
	"\x5d\xea\x7b\x22\x82\x34\xf1\x2c\xf1\xa9\x01\xa4\x1c\xf8\x6c\xcb"
	"\xa2\x9b\x59\x8c\x1a\x50\xfb\x32\x43\xbc\x10\x03\x46\xf6\x60\xb4"
	"\xf6\x10\x29\x4d\x01\xf2\x75\x94\xf8\xec\x74\xc4\x8b\xe9\x9a\xc0"
	"\xc3\xbd\x95\xa9\x8e\x6e\xc1\x14\x25\xc3\x7b\x25\x27\x6b\x2f\xc4"
	"\x2b\x01\xe4\x28\x40\x8d\x0f\x46\x10\x5b\x2d\x14\x24\xb2\x92\x91"
	"\xbb\xd5\x0b\x39\xb4\x91\x31\x57\x49\x8a\x5c\x56\x78\xd6\xf2\x4c"
	"\x05\x21\x98\xad\xed\x3b\x63\x6c\x0d\xdc\xd3\x58\x4a\x96\xb8\xaa"
	"\xa6\x3c\x25\xf6\x0d\xe1\x34\x0b\x51\xb2\xcc\x7e\x66\x57\x79\xf5"
	"\x14\xd1\x48\x32\x62\x24\x08\x34\xcc\x80\x10\x6a\xf6\x81\x54\x1f"
	"\xfb\x8c\xd5\x58\xbc\x78\xc0\xdc\xcb\x3d\x05\x29\x1a\xc8\x69\xda"
	"\x30\x2c\x78\xd8\x95\x1e\xd9\xe9\xb1\x87\x4f\x32\xf5\xee\x1f\x21"
	"\x17\x55\x03\x20\x49\x62\xcb\xda\xd5\x80\xf4\xff\x88\xbb\x92\x1e"
	"\xc7\x71\x25\xfd\x57\x7c\x1a\x74\x63\xde\x43\x69\xb1\x16\xbf\x41"
	"\x1f\x68\x89\xb6\x59\xa9\xad\x44\xca\x4b\x5e\x04\x77\xa6\xab\x3b"
	"\x81\x5c\x0a\x99\x59\x33\xdd\xff\x7e\x18\x94\x6c\x6b\x0b\xd2\x33"
	"\x18\x60\x0e\xb5\x98\xf1\x89\x0c\x92\xc1\xe0\x16\x8c\xf0\x0d\x80"
	"\x85\xab\x07\x84\x73\x2d\x20\x5c\x58\x81\x9e\xee\x78\x7a\xfa\xc2"
	"\xf0\xfd\x22\xc4\xe9\xc2\x77\x75\x9f\xd3\x6c\xe5\xd8\xcb\x74\x5a"
	"\xfe\xe8\xbd\x7a\x3e\x5c\xe0\x7a\x42\x4b\xdd\xca\x39\xac\x54\xaf"
	"\xb5\x51\x48\x49\x45\x85\x12\x8b\x68\xe5\xc9\x21\xec\x4e\xc5\xd5"
	"\x94\x64\xf5\x00\x6f\x60\x07\x0d\xe9\x6a\xd5\x53\x16\x29\xf2\xd9"
	"\xa4\xfd\xb4\xe2\x65\x6c\x15\xd8\xa7\x0b\x8e\xbf\x67\x6a\x00\xa8"
	"\xf1\xc4\xe5\x7b\x2c\x4c\x9d\x02\x44\x9e\xf0\x42\x4d\x06\x77\xa1"
	"\x85\xf7\x74\x99\x79\xc2\xb7\x71\x3a\xa7\x91\x7e\x92\xe2\x6c\x1e"
	"\xf8\x7b\x03\x26\xf5\x2c\x7c\x2e\xe5\x77\x87\x50\x0e\x49\x47\xf3"
	"\x39\xf2\x3a\x85\x2c\xf7\x9e\x65\x98\x44\xb9\xdc\x88\x53\xac\x53"
	"\x47\xf6\x72\x90\x9a\x14\xee\x42\x33\x36\xc1\x9a\x29\xc4\x1b\x4c"
	"\x2e\xb0\x92\x54\x23\x9d\x24\x49\x91\x00\x5b\xe0\xac\xd1\xb6\x10"
	"\x3b\xa2\xc6\x93\x23\xe6\xf2\x58\xe7\xe6\x51\x31\xa5\x00\x1a\x95"
	"\xd5\x00\x16\x96\x1e\xe0\xd8\x81\xb6\xde\xb2\x65\x34\xd3\x7b\x8b"
	"\xf0\x7c\xcf\x54\x4a\xa8\x07\x84\xbe\xa1\xa6\x0b\xdb\x32\x01\xf4"
	"\x6b\x88\x0b\x48\x37\x57\x4b\x90\x9c\xa9\x90\x93\x17\xb1\x4b\xe6"
	"\x96\xab\x91\x4d\x09\xf0\xad\xb9\x41\x78\x77\x89\xed\x04\xae\x1e"
	"\x93\xa4\xae\xa7\xd1\x1f\x22\x72\xbd\x70\xa1\x69\xb0\x54\x33\x59"
	"\x6f\xf7\xa1\x66\x29\x45\x4a\x76\x9f\x67\x44\xdb\x92\x67\x8c\xae"
	"\x21\x77\x69\x38\xd7\x4c\xf9\x92\xec\xda\xfa\x25\x51\x0b\x31\x14"
	"\xe2\x7a\x96\x29\x97\xc1\x6b\x9b\xe1\x86\xaf\xab\x2a\xae\xbb\x40"
	"\xec\xb5\xe2\x15\xd1\x44\xaa\xde\xe6\x89\x20\x6b\x3a\x9d\xc9\x79"
	"\x4f\x0b\xee\x91\x2a\xec\xcd\xde\x15\x0e\x87\x18\xea\x0c\x63\xf2"
	"\x83\x11\xbc\x28\xf3\xfd\xe1\x02\x9d\xe6\x00\xf6\x44\x21\x32\x38"
	"\x3b\xa8\xd8\x73\x91\x95\x43\x07\x94\xc9\x7f\x0a\x03\x48\xae\xa5"
	"\x1d\x64\xa0\x0e\x40\xb6\x01\xb4\x22\x99\xe7\x7a\x9e\x89\x75\xd4"
	"\xc8\xf4\x0a\x61\x3c\x59\xb8\x96\x67\x46\xf9\x4e\x60\x13\x03\x4c"
	"\xad\x64\x4d\x4d\x05\xb3\x4d\x60\xdf\x02\x72\x8c\xa0\x30\x40\xde"
	"\x6e\xf4\x41\xc6\x86\x4a\x1a\xa5\x71\x03\xca\x0f\x7c\x03\x0a\xd6"
	"\xdb\x5e\x78\x03\x2a\xf4\xe7\x8b\x5b\x50\xbe\x75\x03\x6a\xe1\x39"
	"\xb7\xa0\x90\x1b\xef\x0e\x4a\x2e\x84\x8d\xe2\x57\xac\xaa\x7b\x8a"
	"\x79\x6c\xeb\xc0\xb6\x61\x68\xf9\x37\xa1\xc2\x9b\x50\x0b\x23\x6a"
	"\x97\x1a\x10\x97\xb3\x3e\xad\xf6\x50\x36\xa3\x24\xcd\x13\x1a\x4f"
	"\xab\x0e\x05\x48\xc8\x92\x2d\x97\xe6\x8c\x92\x28\x5e\x6a\xb2\x81"
	"\x52\x96\x06\xb6\xe5\xd4\xeb\xd9\x58\x3c\xe4\x1e\xcc\x77\x5c\x63"
	"\x93\x37\x8b\x1f\xc7\xbd\x09\x16\xec\x6f\x81\xd9\x37\xf1\xe6\x39"
	"\x73\x53\x6e\x5b\xf4\x4d\x71\xe7\x14\xb2\x28\xcd\x08\xd7\x0c\x99"
	"\x43\x50\x01\x5e\x27\x71\x6e\xc6\x6e\xea\xbb\x25\x12\xb1\xb3\x33"
	"\x7a\x68\x2a\x67\x95\x48\x2b\x12\x25\x5d\xad\xfb\x71\x84\x3a\xdf"
	"\x83\xcf\xc0\xd5\x7e\xc8\xd1\x38\x8f\x22\xdd\x4c\xe7\xc0\x27\x37"
	"\x74\x1d\xba\xa8\xfa\xb2\x18\x61\x7e\x66\x55\x60\xdb\x73\x2c\xd3"
	"\x9e\x27\xb0\x97\xd3\xe3\xd3\x71\xf6\xf0\xf6\x3e\x11\x43\xb3\xf9"
	"\x2a\x22\x29\x78\x02\xbc\x7e\x7c\x5d\x76\x28\x7a\x13\xa8\xad\x16"
	"\xdb\x33\x04\x2d\x1f\x5c\xee\x09\x38\x55\xdf\xe2\xb9\x95\x04\x5e"
	"\xb2\x4d\xe4\x34\xc0\xf1\xb8\xbc\x01\x15\xd1\xc8\xc8\x95\xfc\x21"
	"\x4a\x70\x69\x5d\x8e\xb9\xb9\xd2\xea\x78\x3b\xa5\x1d\xb6\x2c\xa6"
	"\xe0\xeb\xba\xe3\x6f\xad\x49\xda\xce\x13\x07\x02\xa2\x83\x07\x41"
	"\x52\xb0\x29\xf2\x30\x8d\xc4\xdb\x66\x35\x36\x24\x34\x0b\xb0\x94"
	"\x65\x2a\x08\x71\xb6\xa6\x9d\x1b\x05\x55\x8e\x14\x55\x07\xc4\x75"
	"\xcc\xc7\xb2\x5a\x39\xe7\x33\xe4\x51\x3a\x04\x1a\xea\x5e\xd0\x5d"
	"\x29\xdb\x74\x14\xc1\x57\x15\x74\xf6\xca\x31\x75\xfb\xb3\x5d\x0e"
	"\x0a\x82\x94\xac\xff\x20\x4e\x08\x78\xac\x48\xa9\x5c\xd1\xa5\x48"
	"\x1e\xe0\x2b\x9f\xc4\xa4\x80\x78\xd2\xbf\xd9\x7e\xe7\x7d\xb0\x24"
	"\x9e\xc3\x79\xab\xb6\x98\x1e\xc0\x0a\xa6\x9c\xb4\xc9\xdd\x3f\x5c"
	"\x35\x49\xa6\x9b\x28\xba\xe3\x53\x78\x25\xfb\xe3\x63\x77\xd5\xf5"
	"\x2a\x4e\x7a\x7f\xc0\xec\x4e\xbf\x3f\x1c\x5f\xc6\xae\x6d\x55\xbc"
	"\x74\xd5\x53\x51\x42\xba\x71\x64\x07\x84\x41\x5c\xd6\x0e\x68\xcd"
	"\x8b\x88\xfc\xf6\xd2\x8f\xb9\x9c\x7a\x98\x4f\x17\xc5\x9b\xd8\x5a"
	"\x3e\x72\x28\xae\xb2\x4c\x42\x1f\x0f\xe0\xae\x0a\xac\x97\x34\xfb"
	"\x66\x80\x28\x7f\x99\x26\x4c\xc1\x88\x6d\xc0\xc4\x22\xe2\xd8\x49"
	"\xd1\x15\x45\x45\x9e\x72\x03\x66\xc5\x32\x5a\x30\x13\x4f\x5f\x29"
	"\xbc\x53\xfe\x6a\x42\x25\x10\xee\x63\x19\xc5\x06\xdc\x9d\x2c\x13"
	"\x89\xb8\xd8\x01\xe5\x19\x8b\x88\x01\x94\x92\xd2\x54\xc1\xb4\x5c"
	"\x80\xfd\xbe\x29\xa7\x6c\x17\x5a\xa6\x56\xc8\xb7\x1e\x62\x03\xdb"
	"\xc3\x20\xd6\x7c\x03\x4c\x6d\xca\x49\xee\xe8\x1c\xe4\xdc\xb7\x07"
	"\x0a\x5c\x8d\x5c\x77\x50\xb6\x49\xa8\x38\xc5\x0c\x59\x3a\x98\x6c"
	"\x21\xb9\x42\x2c\x8e\x86\x30\x53\x7b\x72\xd9\xc5\xfb\xe5\x2d\x20"
	"\x93\xe4\xc1\x5f\x9e\x65\xdd\x84\xb2\x6f\x42\x79\x37\xa1\xfc\x9b"
	"\x50\xe1\x2d\x28\xff\x16\xbe\x6c\xcf\xdc\xf4\xdf\x16\x66\xe6\x01"
	"\x13\x99\x41\xae\xb9\x0b\xc5\x9d\x65\xcf\xcd\x20\xdb\x76\x8d\x4c"
	"\x81\x0a\x0e\x8d\x7d\x58\x65\x45\x52\x99\x06\xbd\xf0\x6d\x93\x72"
	"\x14\x39\x16\xb4\xad\x8b\xa9\x20\x26\xa7\x09\xb5\x0d\x3d\xd7\x34"
	"\x04\xb7\x91\x85\x79\x53\xe8\x80\xa4\xc6\x4b\x0d\x98\x3d\x2b\x55"
	"\x80\xec\x88\x99\x34\xe8\x7d\xe4\x6a\x66\xb4\x62\x37\x2d\x00\xed"
	"\x0c\x2b\x27\x21\xbc\x4a\xf7\xa5\xeb\xcf\x35\x79\xcb\x0e\xdf\xd1"
	"\xa5\xae\x2e\xdc\x71\x90\xa3\x87\xa6\x7c\x89\x11\xdb\xb1\xd1\xca"
	"\xeb\xf1\xf9\xed\x8f\x2f\x8f\x4f\x7f\x3c\x7d\x1e\x9f\x67\x12\x01"
	"\xb7\x21\x13\xee\x91\xdb\x25\x60\x65\x0d\x8c\x23\x5b\x5f\xc6\xa6"
	"\xcf\x61\xd5\xa3\x56\x1b\x0e\xba\x28\x12\x02\x00\xcb\x2a\x5e\x23"
	"\x3e\x66\xae\xa0\x18\xb9\x07\xe7\x29\x57\xa5\xc4\xe5\x16\xcd\x61"
	"\xe9\x44\x4e\x7b\xed\x5f\xa0\x57\x3f\x00\x24\x7c\x60\xee\xd8\x59"
	"\x63\xfd\x03\xaa\xfa\xcb\xb1\xd7\x78\xbf\xea\x9b\x4e\x2e\x81\x31"
	"\x2f\x19\xcd\x82\x0e\x56\x9e\xf8\x5e\x40\x2e\x6f\x2f\xae\x59\x5a"
	"\x9b\x95\x9e\x05\x55\x2b\x64\x64\x45\xeb\x28\x62\x3a\x41\xc4\x5c"
	"\x1c\x37\x54\x75\x66\x21\xe5\x0c\xd9\x7e\x82\xc5\x4c\xb3\xe1\xd2"
	"\xe4\x81\xb8\x60\xd1\x3d\x38\x06\x57\xe0\xd1\xf1\xe5\xf4\x7e\x94"
	"\x22\xf9\x38\xdb\x3e\x3d\x9e\xde\xba\x6e\xf8\xe4\xea\xa6\x3c\x6f"
	"\xf5\xfa\xde\xed\xba\x94\xba\x2a\xd6\x72\x83\x86\x1c\xe7\x83\x6b"
	"\x6c\xc6\x51\x9a\xa6\x5a\x11\x67\xb1\x8e\xce\xf3\x95\x48\xa8\x16"
	"\x22\x4b\x58\x1a\xe8\xd0\x7a\x51\xed\xee\xd5\x56\x66\x6a\x3b\x78"
	"\x86\xf4\x37\x67\x97\xe4\x35\x38\x09\x87\x7d\x47\x9f\xc6\x63\xaa"
	"\x02\xe6\xf4\x9c\xee\x0d\x08\x72\xcd\x2f\x60\x93\x3c\xd8\xde\x29"
	"\xe7\x7a\x45\xd5\xf3\x82\x04\x5b\xa0\xe2\xdb\xff\xa8\x73\xe3\xd3"
	"\xcb\xcf\xbf\xce\x56\x44\x0f\x6f\xaf\xdf\x9f\xfe\xe8\x8e\x0f\xc1"
	"\x8b\xe9\xd3\x6c\x90\xf9\xcb\xd6\xb1\x11\x79\x14\xa7\x3c\x56\xe8"
	"\x40\xc0\xf8\x70\x00\xfd\x5f\x88\xe8\xff\xb2\xf6\xff\x1f\xc5\xb5"
	"\xde\xe6\x4f\x8f\xb3\x34\x8d\xbe\x70\x30\x24\x69\xfd\xed\xf6\xf4"
	"\x55\x74\x28\x94\x6b\xb8\x15\x2b\xd3\xa1\xa7\xd3\xce\xbe\xf4\xf8"
	"\xfa\xf0\xf4\xfc\x7c\x7c\xff\xfb\xea\xfc\xf9\xf3\xe7\xab\xfc\xf7"
	"\x1f\x12\xf9\xfa\xf1\x06\xff\x79\x72\x1e\xe4\xaf\x1f\x4f\xff\x98"
	"\x7d\x7f\x7f\x7b\xfd\x3c\xbd\x3e\x7e\xfc\x3a\xdc\xc8\xc2\x21\x44"
	"\xb9\x55\x9e\xc6\x39\x4d\xe4\x70\xee\xc8\x5f\x73\x80\x23\x04\x89"
	"\x36\xe7\x4d\x2e\xf9\xf9\xf8\xf4\x26\xeb\xf7\xf0\xf6\xa8\xca\xfa"
	"\xf1\xfe\x26\xf5\x2d\x14\xa7\xbc\x15\xbc\x3c\xfd\xd5\x71\xb3\x53"
	"\xc6\xfc\x02\x3d\xa7\xa9\x96\x44\x52\x21\x87\x63\xaf\x80\x3e\xfd"
	"\xf4\xda\x4f\x6d\x3b\xa8\xa9\x6f\x47\xf7\x2b\xe2\xea\xf9\xf8\xf1"
	"\xe7\x30\xb1\xc9\xe7\xe9\x45\xb2\xfd\x9f\xa7\x97\xd3\xeb\xe7\x0c"
	"\xbc\x62\x5f\xc8\xaa\x76\x5f\x1a\x90\xec\xe1\x1f\xef\xb2\x6a\x60"
	"\x82\xd7\x03\xf1\xb8\x9c\xa9\xa6\xee\x27\xa7\x4f\x1f\x0f\xa7\x67"
	"\x30\x07\x7c\x03\x7f\xeb\xa7\xe7\x1f\x43\x04\x6f\xfa\x65\xf6\xf3"
	"\x43\xca\x80\xcc\xf5\xe3\xed\xa1\x7e\x68\xaa\xd0\xf4\xe1\xb0\x6f"
	"\x44\x95\x75\x6d\x23\x3b\x89\xe0\xc9\xb3\x48\xe8\x34\x4d\xc4\x24"
	"\x74\x16\x96\x86\x18\xec\x51\xa2\x2d\xa9\x36\x4a\x5d\x84\x61\x30"
	"\x4d\x4c\x85\xdc\x1f\x21\xd9\xee\xd5\x16\x0b\xa3\x41\x48\x58\x8c"
	"\x36\x47\x69\x69\x34\x9f\xf3\xd0\x72\x7b\xc7\x95\x1f\x9f\x52\x84"
	"\x8e\xef\x8f\xb3\x5f\x3e\x8e\x9f\xb2\x33\x9e\x3e\x4f\xbf\x5e\x65"
	"\xff\xd2\x53\x7d\xe8\x83\xf2\xcb\xf9\xef\x33\x39\x10\x65\x7f\x7f"
	"\x42\x0c\x9d\x89\x8f\xa4\x02\xfb\x27\xd7\xe7\x0b\x10\x21\x87\x21"
	"\x96\xcf\x78\x7d\x53\xaf\x28\xaa\x2d\xd7\x45\x58\xf0\xbb\x01\xe2"
	"\x52\x4e\xd4\xf2\x3d\xc1\x06\x81\xe8\xb5\xbf\x64\x52\xd5\xfc\x39"
	"\x23\x52\xba\x9e\x1e\x8e\xaf\x5f\xee\xde\xde\x4f\xc7\x57\xa9\xb1"
	"\x2e\xbc\x7d\x89\x54\xbd\x63\xb1\x9d\xc8\x83\xf1\x58\x5f\x97\x2b"
	"\xaa\xdf\x28\xff\x76\xe3\xa7\xe7\x35\x6b\x07\x25\x87\xc4\xf3\xdf"
	"\xcd\xc8\xfa\xf8\x52\x24\xc9\x65\xd8\xc8\xe5\x66\xeb\xa6\xeb\x3c"
	"\x9c\x67\xdf\xe5\x78\x57\x3d\x72\x06\x89\xb7\xb7\xe7\x0f\x70\x9c"
	"\x2a\x11\xa7\xe7\xb7\x1f\xb3\xd7\xd3\x7f\xe1\x8d\x1f\x57\x69\x7a"
	"\x98\x6a\xda\xf5\xfb\xf1\xc7\x9f\x60\xe3\x3b\xe1\x34\x63\xbb\x26"
	"\xe0\xc0\x77\xea\x60\xb2\xec\x58\x2b\xcb\x1f\x10\x92\x98\xd5\x31"
	"\xef\xb9\x59\x84\xf4\xb8\x90\x8a\x76\x7f\x0e\xc2\x31\xdd\xf5\x00"
	"\x53\x0e\x32\x10\x97\xcb\x5d\x40\x2d\x55\xf6\x0a\x75\x81\x0c\xc8"
	"\xd6\xc1\x2d\xb8\xbc\xe2\x72\xfe\xe5\x9b\x69\xf6\xeb\x3b\xb9\x76"
	"\x6f\x82\x4e\x0c\x79\x5e\xa9\x43\x6a\xbd\x69\x3e\xe0\x94\x2f\x30"
	"\x39\x40\x63\x7c\xe6\x02\x03\x85\x56\x87\xcf\x64\x07\x0e\x74\x64"
	"\x2f\xb7\x26\x56\x49\x60\x21\x27\x12\x67\x08\x67\x09\xe6\x7c\xee"
	"\x0c\xc9\xf6\x85\xd2\x5c\x8b\x70\x8f\xe2\x36\x71\x82\x1c\xf2\xa9"
	"\xde\x24\x89\xec\x4d\x06\xed\x77\x40\x41\xb0\xf0\xd5\xb4\x0e\x49"
	"\xe3\x75\x51\x4d\xbd\x5a\x98\xfd\xd2\xcc\xa9\xd1\x5b\x71\x9e\x4b"
	"\x7f\x05\x87\xec\x72\xe5\xf0\xf3\xfd\x08\x16\xe0\xc3\xb6\xc9\xf2"
	"\x6a\x4b\x49\x85\x96\xb5\x5d\x53\x5c\x74\xaa\x38\xc1\x99\xd4\x08"
	"\x52\xba\x26\x6b\x07\x39\x91\x52\x82\xc6\xca\xb2\xe2\xf5\x37\x9a"
	"\xe2\x8c\x95\x11\x29\xeb\x78\x27\x9b\x1b\x09\xb4\x06\xa0\x6f\x7b"
	"\x9c\xc1\x65\x1e\x6d\x38\x22\xc1\x8d\x07\xe0\x7e\x02\xdc\x86\x31"
	"\xf0\x79\x0f\x07\xfc\x6b\x96\xad\x87\xc2\xad\xa2\x71\xc5\x10\x6e"
	"\x29\x8e\x0a\xbc\xee\x2d\x4a\x0b\x88\x27\xfd\x5e\x77\xa8\x35\x17"
	"\x04\xe3\x21\x8d\x0b\x4f\x9b\xbb\x04\xcc\x0d\xfc\x45\x05\x52\x3e"
	"\xec\x34\x76\xcb\x61\xb1\x90\xca\x37\xb8\xd4\x37\x74\x5d\x9e\xd3"
	"\xbb\x96\x33\xb5\xec\x07\x00\x3e\xf3\x99\x50\xc2\x29\x92\x69\x41"
	"\x32\x7a\x71\x67\x1d\x3f\x7d\xfc\x78\x3e\xfe\x3d\x2b\xe4\x8a\xea"
	"\x79\xa4\x1f\x14\xb4\x4e\xb6\x31\x47\x2b\xd0\x40\x9a\x85\x92\x01"
	"\xc4\xb2\x2c\x4f\x20\x70\x8f\x15\x2c\xee\x91\x43\xfa\x2b\xfa\x6b"
	"\xcc\xea\x44\x58\x81\x95\x52\x0b\x8d\x67\xdf\xe1\x40\x6e\xe7\xab"
	"\x0c\xc2\x01\x2e\x30\xd7\x75\x9d\x1a\x49\xdc\x7a\xee\x21\xc6\x1b"
	"\x57\x9c\xfc\x9b\xc0\x49\xb2\xdc\x8e\x6e\xf7\xb6\xb5\xb2\xdc\x79"
	"\x76\x33\x27\xdc\xa7\xee\x06\x39\x0e\x9b\x44\x87\x84\x18\xf3\x96"
	"\x73\x5a\x51\x27\xdf\x6c\xcb\x2e\x6d\xbe\x47\x4e\xa5\x47\x78\x6e"
	"\xcd\x5d\x61\x27\xd4\x8c\x67\xa2\x84\x93\x73\x39\x8a\x82\x20\x5c"
	"\x6c\x11\x11\x5a\x96\x2c\x5e\xd3\xbe\x34\x36\x19\x5c\x28\x3d\xe9"
	"\x62\x72\x81\xf0\xfe\xfd\x28\x37\x6b\xcb\xf7\xa7\xc7\x3f\x4e\x23"
	"\x41\x6b\xee\xaf\x65\xb9\x24\xdb\x07\x83\x23\x24\x0c\xe6\x3b\xde"
	"\x68\xe6\xaf\xd2\xa5\x5a\x41\xc4\x24\xc2\xa7\x50\x29\xce\xda\xb0"
	"\xba\x6a\x10\x41\x48\x36\x88\xd0\x2d\x5b\x22\x2e\xf6\xf0\xa2\x62"
	"\x4d\xeb\x65\xe8\x59\x5b\xb7\x5e\xed\xd0\xef\x60\x1e\x2c\x44\xe6"
	"\xce\x7d\x5d\x57\xc2\x34\x56\x17\x3c\xf4\x1d\x5c\x3c\xe4\xa4\x2b"
	"\xff\xb0\x10\x7b\x48\xd0\x60\xd8\xc2\x72\xf0\x19\x57\xee\x36\x37"
	"\x6c\x49\x1a\x13\xce\xc0\x0f\x70\x20\xab\xc5\xaa\x18\x38\xa3\xea"
	"\xb6\x19\x78\x30\x5d\xf8\xb6\x3d\x6c\x71\x15\x4f\x2a\xde\x06\x9e"
	"\x8d\x8b\x16\x29\xa3\x62\x8d\xcf\x57\x1b\x26\xb5\xb6\x64\x33\x8d"
	"\xf4\x90\x3b\x56\xb2\x4c\x53\x83\xec\x10\x97\xf8\x8c\x5c\x24\xb6"
	"\x86\xc5\x26\x02\x1f\x4e\x66\xcb\x36\x86\xdc\x68\x6d\xb1\x7a\x97"
	"\x7b\xcb\xd9\xef\x3f\xbf\x7f\x87\xb0\x2e\xc3\x5b\xe9\xd5\xb2\x1f"
	"\xb2\xb7\x59\xb2\xa9\x05\xdc\x54\xcc\xdf\x65\x1d\xa5\x31\xb8\x30"
	"\xba\x0e\x2d\x99\x96\xe5\x82\xad\x7a\x9e\xf1\x64\x62\x8c\x3c\xd6"
	"\x92\x24\xe5\x79\x75\x4b\x39\xd1\x1c\xb5\x42\x51\xf2\xcf\x8a\x25"
	"\x49\xd9\x3b\x8e\x68\x09\x51\x5e\x1c\x24\xa7\x64\x44\x60\x29\x59"
	"\xd3\x65\xc2\xc4\x80\x1f\xa0\x95\x72\x09\x5b\xb0\x3d\x4d\xe0\x96"
	"\xbd\x5e\x1e\x90\x30\xdf\x12\xc9\x0f\xfc\x52\xb6\x0e\x73\x66\x43"
	"\x87\xb9\x70\x84\x81\x8a\x32\x87\x33\x5b\x39\x80\x05\xfc\xac\xb2"
	"\x94\x14\x05\x05\xcb\x62\x3c\xe3\x55\x5e\x52\xb6\xce\xa4\x9e\x90"
	"\x9b\xe1\x4c\x5b\x8d\xbc\xe0\x28\x5d\xea\x22\x88\x43\x81\x90\x53"
	"\x02\x4f\x9d\x28\xfa\x39\x58\x79\x8c\x42\x3c\x75\x3e\x97\xdf\xb6"
	"\xdb\x09\x3e\xe8\x0d\xc1\x12\xd5\x24\x62\x10\xd3\x74\x2c\xb2\x7f"
	"\x9e\xe3\xda\x4d\x78\x03\x84\x6e\x55\x0b\x4e\xb4\x65\x53\x67\x9a"
	"\x35\x52\xa6\x91\x5c\xec\x0f\x65\xe4\xb0\xa4\xa5\x83\xcd\xe5\xf0"
	"\x99\x54\x7a\xb2\xb9\xd1\x9e\x64\x29\x17\x28\x31\x2f\x40\xa9\x97"
	"\x78\x73\x72\x3b\x56\x6f\xe3\x30\x7a\x26\xa5\x84\xa1\x12\x51\xb2"
	"\x2d\x4a\x63\xc1\xdc\xc2\x3b\x59\x4e\xa9\x68\x99\x9a\x0d\x0d\xb4"
	"\x87\x38\xd8\xc8\xd5\x6d\x43\x45\xab\xea\xa2\x14\xb2\xc5\xfc\xa3"
	"\x01\x95\xa1\xad\x97\xd1\x5c\x0e\x34\x86\x6a\x9d\xbb\x03\x72\x31"
	"\x2a\x69\x6e\xbc\x42\x5b\x60\x9b\xe7\x71\x9e\xdb\x28\x59\xc8\x19"
	"\x10\xad\x8d\x90\xcb\x0d\x8a\xcb\x0b\x29\xef\x70\xd1\x45\x33\x95"
	"\xfb\xa7\x14\x8b\xaf\x05\x6d\x94\xf2\xa8\xc2\xeb\x83\x6d\xfd\x40"
	"\x4c\x96\x69\xbd\xde\x8b\xb9\x87\x8f\x80\xd6\x88\x1f\x15\x26\x0a"
	"\xeb\xb3\x3c\x45\x99\x4b\x97\xb2\xb9\x70\x11\x4f\x11\xbf\x82\xa0"
	"\x6c\xca\x9c\xc4\x7c\x43\x29\xde\x9a\x55\x5e\xdf\xd9\x0b\x6b\x8f"
	"\x4b\x0f\xba\x0b\x50\xbb\xb3\x25\xae\xc7\xb9\x1c\x9a\x88\xd9\x8a"
	"\x6a\xf2\xc0\x9e\xd2\x34\x17\x05\x09\x26\xc1\x53\xf6\x8c\x90\xdc"
	"\x98\x7d\x8d\xdf\xa7\x8f\xf2\xe8\x02\xaf\xf3\xde\x95\xde\xba\x2d"
	"\xe8\x3d\x2c\xbf\x10\x31\x4b\xe9\x0e\x22\x0d\x17\x73\xbb\xde\x25"
	"\x34\xd6\xb2\x71\xf5\x9e\xb0\x1b\x98\x4b\x5f\x31\x24\x2e\x42\xcc"
	"\xb4\x6c\x80\x0a\x4c\xa8\x24\x75\x7d\x17\xb1\x74\x1a\xa0\x16\x26"
	"\x50\x11\x7a\xde\xde\x00\x42\x1f\x51\x74\xf2\xd9\x7a\x8e\x15\x24"
	"\x85\x01\xb6\x8c\x7d\xdb\x0a\x4c\x8d\x50\x46\xfb\x28\x9b\x56\xb1"
	"\x72\x7a\xe6\x82\x4c\x86\x38\x57\xb7\xbc\x83\x19\xf6\xfc\xfe\x39"
	"\x4e\x7b\x67\x8e\x72\x4b\x32\x65\x5d\xcc\xf3\x2a\xeb\x75\x9f\x4a"
	"\xa8\xc1\x10\x12\xb1\x10\xe6\x59\x27\xca\xb1\xfc\xd1\x44\x99\xee"
	"\x27\x15\x51\x3a\x4a\xa8\x69\x12\x8f\x13\x19\x8d\x16\x5e\xd8\x4f"
	"\xdf\xec\x62\x5a\xf4\x93\x4a\xb2\x4b\xe5\xbc\xd7\x4f\x84\xa0\xc6"
	"\xea\x7e\x2c\x5f\xad\xe0\xc8\xb1\x4f\xfd\x4a\x54\xc0\xad\x41\x4a"
	"\x6b\x59\x39\x8c\x23\xd7\x54\x19\x4e\x36\xa7\x6b\xac\x78\x3d\x57"
	"\xb4\xf7\xd9\xa6\x1c\xc5\x1e\xeb\x50\xfb\x66\xa8\x7d\x76\xc0\x7e"
	"\x55\x6a\xf1\x98\xff\xe6\x3a\xdd\xf4\x56\x43\xd4\x79\x12\xf7\x0d"
	"\x82\x15\x1f\x65\x1e\xd5\xab\x41\x4e\x5b\x78\x49\xcc\xa9\x22\xae"
	"\xf8\x90\xc3\x2b\x15\x0d\x41\xae\x58\x45\x23\x19\x28\xa6\xe8\xb7"
	"\x0a\xe2\x31\x96\x28\x22\x2f\x12\x57\xed\x41\x24\x54\x07\x9a\x4f"
	"\x81\xba\x7c\x8c\x4d\x2a\x54\x32\x9c\xd3\xa3\xf9\x12\xb0\x37\x46"
	"\xa9\xa9\x28\xc8\x56\x53\x35\x15\xc1\xbd\xb2\x7d\x0f\x73\xbc\x05"
	"\x79\x14\x15\xea\x0b\x4b\xc9\xc7\x38\xa2\xe1\x26\xfe\xa7\x3a\xcf"
	"\xed\x98\x4f\x80\xc0\x40\x5c\x08\xb9\xa8\x07\xb3\x69\x39\x19\xdd"
	"\xd3\xdf\xfc\x79\xaf\xfb\x87\x5d\xde\x0b\x36\xde\x26\xc8\x69\x2e"
	"\x56\xd1\x92\x7a\x4c\x00\xa1\x22\xb6\x86\x4d\xe5\xc9\x9d\x30\xf2"
	"\x4d\x8b\xf0\xe5\x1e\x90\x6a\x11\x1b\xb6\xc2\xbc\x25\x01\x64\x19"
	"\xc5\xe8\x0a\xfa\x9c\x45\x91\xc7\x26\xfa\x46\x8f\x10\x79\x46\x51"
	"\xb3\xfe\x33\x68\x4b\x64\xef\xee\x11\x59\xbb\xb4\x24\x78\xc2\xe9"
	"\x37\x32\xcf\xa3\x51\xc2\x45\xe3\x0c\x1b\x1e\x68\x24\x05\x7f\x2b"
	"\xb8\x10\x36\x0e\x4c\x24\x52\x33\x02\x2f\x21\x91\x99\x33\x36\x89"
	"\xe0\x6f\x51\x7b\xe7\x0e\x57\x5e\xab\xf7\xd3\xe9\xe3\xe1\xf8\x7c"
	"\x9a\x45\x45\x75\xbd\x06\x7f\x7b\x79\x79\x7b\xed\x40\xdf\x7e\xc0"
	"\xb5\xc1\xc7\xc4\x27\xff\xea\xb9\xaa\x69\x2b\x01\x51\x51\x09\x2f"
	"\x71\x1e\xcf\x20\x4e\x98\x19\xc3\x6f\xc0\x14\x31\x12\xf5\xb7\x8b"
	"\xa2\xa6\xe2\x58\xba\x87\x8e\xc4\x2c\xaa\x00\x26\x9b\x14\x7c\x8a"
	"\x38\xb6\x35\x6c\xdd\x89\xdc\xd6\x5a\xfa\xb7\x68\xe2\x8c\x85\x8b"
	"\xf4\xe9\xe1\xfd\xed\xf4\x7c\x7a\xf8\x7c\x6f\xbd\x03\x89\xd4\x75"
	"\x66\xd0\xe5\x8d\x29\xc3\xc4\x4d\xe2\x39\xcb\xbd\x58\x15\x6b\x82"
	"\x72\x76\xbf\xaf\x45\x9c\x22\x52\xac\x58\x86\x23\xae\x8b\xf6\x68"
	"\x4b\x00\xeb\xbc\x29\xff\xf9\x67\x89\x8d\x16\x41\xdd\xa0\x74\xb5"
	"\x25\x31\xa9\xec\x40\xa3\x54\xae\x20\xdf\x46\x5f\x1e\x8f\x80\x68"
	"\xf0\xdd\x0e\x30\xb0\x30\x3f\x87\x67\xd0\xdd\xdc\xc6\xdc\xa2\x5e"
	"\x21\x9e\x67\x84\x60\x46\xb5\x5d\xc8\xdc\xc4\x8b\xe7\x22\x2f\x40"
	"\x2f\x90\x24\xf2\xb0\x8d\xe2\x19\xb3\x14\x35\x8f\x72\x2d\x24\xe2"
	"\xae\x97\xb8\xce\x0d\x18\xf7\x06\xcc\xfc\x06\x8c\x67\xc0\xcc\x9d"
	"\x64\xee\x98\x31\x9e\x59\x3e\x1a\xdc\x2d\x79\xf9\x66\x4c\xe0\x1a"
	"\x31\xbe\xb9\x6a\x81\x65\x86\xdc\x56\xb1\xc0\x2c\xf6\x00\xdb\xef"
	"\xc3\x5b\xb2\x73\x51\xa7\xf7\x1d\x0c\xf2\xda\xf8\x0a\xf1\xdc\xc4"
	"\x90\x8d\x9c\x1f\x1d\xbb\xef\x86\x67\x80\x50\xf7\xa6\x4a\x93\x4c"
	"\xcd\x8c\x94\x07\xb6\x41\xca\x28\x0f\x5d\xdb\x37\x42\x1c\x73\xbb"
	"\xb4\x30\x53\x33\xaf\x45\xea\x1b\x54\x1a\xdc\x04\xd6\xe5\x9d\x6b"
	"\xb9\x7a\xc6\xe4\x3a\x7e\x11\x7a\x06\x2d\xa4\x40\x0b\xcc\xf9\x74"
	"\x17\xe4\xeb\x3b\xa3\x0d\xa8\x5a\xef\xa2\xb8\xbd\x69\xba\x19\xde"
	"\xbe\xaa\xd4\xe2\xe5\x3e\xc7\xf6\x43\xdb\x88\x09\x16\x7b\x63\x57"
	"\x9c\x71\xa6\xbe\x90\x38\xd9\xf9\x21\xb9\x25\xc3\x06\x78\x43\x8e"
	"\x9e\xed\xfc\x75\x4b\x86\x0a\x67\xca\xaf\x14\x9e\x6f\x10\x4f\x80"
	"\xb8\xb6\x11\x12\x04\xc6\xc2\xf8\x5a\x24\x9e\x6e\xf5\xac\x40\xac"
	"\x5c\xb5\x4b\x57\xf3\x0c\x6e\x5e\x64\x71\x9e\x3a\xbe\xe5\x98\x79"
	"\x6b\x71\xa6\x86\x95\xb8\xb9\xe7\xeb\xa5\x9d\x0b\x82\x3d\x1b\xe9"
	"\x42\x3c\x43\x43\x08\x26\x17\xa3\xfa\xf5\x9c\x20\xdc\xf1\x0c\x73"
	"\x8a\xc4\xa0\xae\x83\xba\x98\xc0\xde\x9b\x31\x8e\x9e\x67\xb1\x22"
	"\x8b\x30\xd0\x2b\x66\x91\x6c\x5d\xc7\x22\x2c\x72\x5c\x63\x6b\x77"
	"\xb1\xa6\x1e\xbc\x60\x5d\x7b\xbf\xbf\x11\x69\xc0\x71\x97\x38\x4e"
	"\x40\xb5\xa0\x5d\x1a\x7a\xb6\x65\x84\x18\xd6\x46\x0a\x32\x37\x42"
	"\x42\x63\x41\x98\xd3\xcb\x2e\x04\xf3\x3d\xde\x81\xb8\xe6\x5c\xdc"
	"\xc0\x08\x99\x9b\x73\xf1\xcc\x35\xf2\x8c\x4d\x17\x04\xe6\x5c\x02"
	"\xdf\x04\x09\xad\xb9\x51\x20\x5b\x98\x49\x16\xc1\x13\x91\x65\x64"
	"\x7b\xe1\x5b\x66\x88\x63\x84\x04\x73\x33\xc4\xd8\xe3\x8b\x50\xbf"
	"\x5c\xbc\x57\xdb\xd0\x85\x5f\x38\x7a\x86\x32\x52\x85\xde\xdc\x32"
	"\x62\x42\xfb\x06\x8c\x61\x44\x88\x82\x40\x78\x24\xe2\x98\x75\x92"
	"\x4e\x23\xa8\x6b\x13\x75\x60\x69\xc2\xf0\xa8\xd2\xe3\x9a\x79\x6b"
	"\x5d\x92\x62\x73\x3b\x70\x2a\xd7\xe6\x98\x8d\xc5\x63\x8f\x14\x32"
	"\xb1\x17\x8b\x8e\xc5\xd7\xe8\xa4\xa2\xa4\xd9\x5a\x4c\x99\xbf\x4a"
	"\x58\x49\x76\x9d\x17\xf7\x4d\x36\x9d\x4c\xae\xd7\x2b\xcd\xa6\xff"
	"\xc7\xe9\x01\xec\x95\x81\x87\x91\x7b\x00\xc0\x93\xb9\xa0\xd1\x66"
	"\xc8\x0a\x89\xa2\x4a\xe4\x55\x84\xf0\x20\xe9\x65\xb5\xef\x17\xac"
	"\x92\xea\xd5\x6a\x90\x5a\x14\x7d\x27\xc2\x97\x44\x36\x7d\x52\xab"
	"\xe8\x1c\xb9\x2c\x57\xc4\x0a\xce\x26\x11\xbe\x96\x34\xb9\x63\xd9"
	"\xa8\x61\xa9\xc8\x8b\x7a\xb5\x42\x3e\x8a\x36\xb4\x2c\x0f\x7d\xbe"
	"\xa3\x0d\x93\xbf\x0e\xc3\x9c\xa2\xbc\xe4\x84\x95\x48\x46\x45\x99"
	"\xc7\xec\x8e\x1e\xf8\xe8\x33\xf5\x1a\x00\xad\x52\x54\x38\xf6\xe4"
	"\xcd\x9c\x22\x1e\xce\x27\x7a\x9d\x44\x29\x05\xeb\x3c\x2b\x1b\x2f"
	"\xec\x17\x13\x9b\x73\xda\xa8\x17\x68\xca\xc7\x69\x09\x1d\xc4\x49"
	"\x6e\x52\x73\x84\x0f\x7a\x2f\x6b\x36\x84\xaf\x69\xba\x64\xc8\xf8"
	"\x50\xf4\x55\x99\x22\xf9\x6d\xf2\x44\xd0\xbb\x5e\x86\x2a\xa5\x46"
	"\x42\x22\xab\xec\x84\x1f\xba\x58\xeb\x4b\xf6\x94\xc8\xf6\xab\x79"
	"\x77\xa0\xfd\x84\x2a\x02\xe3\xb7\xa8\x9f\xb8\x23\x89\x14\x91\xc1"
	"\x48\x3a\x94\xca\x8a\x7c\x58\x67\x16\x61\xef\x06\x15\x75\xf2\x1e"
	"\x0c\x28\x62\xc7\xb2\x0d\xc9\x06\xec\xd1\x8c\x33\x39\xd8\xf3\x41"
	"\x7a\x12\x29\xe7\xf6\xc3\xb2\x13\x8a\xb7\x75\x42\x87\xc1\x46\xbb"
	"\x44\x59\xe7\x76\xa0\x4f\xa4\xd6\xf1\x57\x84\x20\x7f\x14\x9d\x76"
	"\xb9\xa4\x77\xa5\x09\x12\xcb\x2a\x5d\x26\xb4\x20\xb1\x33\x22\xad"
	"\x17\x73\x6b\x94\xb8\xdb\x50\x30\x70\x1a\x0a\xa5\xb2\x8d\x48\xf3"
	"\x8a\x8f\x74\x46\x4a\x0e\x2b\xe4\x4d\x80\x22\x33\xf0\x7a\x9d\xaf"
	"\xc4\x20\xbf\x3c\x93\x2a\x95\x0e\x06\x77\x5a\x25\x82\x4d\xc8\x4a"
	"\xc6\x24\x3a\x8b\xf3\x61\xd9\x99\x60\x48\xb1\x99\x28\xd9\xba\x9f"
	"\x49\x5e\x36\x62\xdd\xd5\x0b\x24\x03\x5f\xfa\x49\x5e\x76\x94\x75"
	"\x27\xb1\x69\x86\x5e\x91\x05\xcd\x64\x33\x64\x02\xd3\x34\x54\xee"
	"\x93\x0f\xd9\x40\x05\x17\x52\x67\x0d\xec\x85\x3a\xc9\xf5\x6a\x89"
	"\xca\xce\x19\x32\x69\x2b\x35\x89\x94\x92\xc8\x31\xe6\x12\x92\x29"
	"\x03\xd8\x68\xa0\xb5\xe0\x51\x02\xdc\x14\xb3\xae\xb4\x77\x12\x47"
	"\xe2\x50\x94\x2c\x25\xfb\x61\x7d\x4a\x30\xdf\x88\xb1\x61\x56\xe6"
	"\x51\x44\x06\x62\x20\x75\xf6\xa8\x53\x5a\x93\xe1\x41\x62\xa3\xf3"
	"\x2f\x57\xcd\xd9\x61\xc4\x93\x0a\xcb\x09\x5e\x00\x06\xc9\x82\x92"
	"\x91\x36\x95\x89\x52\xca\xe5\x7c\x4c\xb1\xb6\x6a\x5d\x2a\x8c\xaa"
	"\x98\x62\x12\xb7\x2e\x29\xcd\x08\x67\x1d\x9b\xc2\x4b\xd2\x98\xd7"
	"\x94\x94\xe2\x6b\x7e\x68\x8b\xb8\xbc\x7d\xbf\xa6\x8e\x3e\x11\x6c"
	"\x9b\x0f\x52\xf2\x82\x53\x3a\x92\x2a\xb1\x91\x7a\x0b\x53\xee\x62"
	"\x53\x56\x5c\xa4\x04\xde\x33\xf4\xa3\x67\x5c\xd3\x75\x8a\xbe\x82"
	"\x65\x4e\x5d\x70\x17\xc9\x7f\x47\x9a\xb9\xab\x9b\xc4\x58\x9a\x8b"
	"\x91\xde\xd8\x33\x39\x90\x90\x5c\xee\x69\x99\x0f\x5b\xff\x9c\x86"
	"\x2f\x17\xee\x0f\xb1\x5c\xeb\x8c\xe7\x85\x26\x4e\x45\xbd\xa9\xf0"
	"\x61\x46\x92\x02\x5f\xd8\x7c\xdb\x96\xa3\xa5\x23\xf8\x09\x98\x5c"
	"\x3e\x36\x77\x9c\x13\x43\x7d\xca\x2a\xa6\x05\x37\x36\x05\x97\xd7"
	"\x4d\xfd\x7c\x2f\xd9\xc0\x45\xcd\x06\xcd\x26\xdf\x44\xac\x06\x93"
	"\x48\xb9\x8c\x6e\xac\x3a\xfb\xee\x9f\xae\xd6\x43\x9d\xc4\x26\xbc"
	"\x57\x3f\x8d\x94\x30\xbb\x10\x5e\x6f\xa2\xb8\x47\xe9\xc3\x8a\x88"
	"\x0d\xbe\xcb\x32\xa9\x17\x23\x5a\x67\x74\xd7\x5a\x19\x5d\xc2\x9a"
	"\xf4\x9f\xb5\x42\xdb\xb5\xb7\x8b\xfd\x76\x3b\x87\xc9\x01\x7b\x14"
	"\xc6\x7b\x96\x4e\x8a\x6c\xf6\xcc\xa5\x5a\x42\xac\x75\xb4\x7a\xb7"
	"\x91\x3a\x27\x61\x5c\x68\x51\xcb\x44\x69\x5c\x2e\x50\xb9\x01\x24"
	"\x28\x5b\xb0\xd2\x5b\x43\x80\x6b\x99\x80\x5e\x2a\x2b\x67\x5b\x88"
	"\x25\x24\xd0\x76\xaa\x3b\x96\x64\x35\x2d\x69\x6f\x1f\x9f\xf0\x9c"
	"\x0b\x9e\x2f\x3e\x83\x21\xf6\xf8\x6a\x4e\x7d\xef\x07\x7b\xcb\x82"
	"\x8e\x43\x84\x64\x0f\x42\x32\xec\xd7\x26\x75\xd4\x9f\x4d\x6a\xfb"
	"\xda\x7e\xd8\x15\xb4\xcd\x08\x6f\xc2\x7d\xe5\xd8\xd6\xa6\xd0\x82"
	"\x18\x2f\x6c\xdb\xdf\x1b\x31\xae\xef\x68\x31\x2b\xd9\x61\x70\x3b"
	"\xab\xc3\x40\x30\x52\x88\x0a\xa1\x65\xda\x54\xab\xca\x04\xe0\x49"
	"\x68\xeb\xcb\x28\x43\xe2\xfb\xde\x22\xd0\x82\x24\xad\xf1\x86\x90"
	"\x0e\xa6\xd3\x8b\x44\x34\xa6\xf8\xb3\xe8\xf9\xf8\xf1\x31\x75\x53"
	"\xab\x46\x64\x84\xbb\x9a\x51\x26\x3d\x88\x4d\x8e\x92\xc7\x18\xff"
	"\x56\xf4\x9f\x32\x34\x31\xd7\xa5\x86\xff\xd7\xac\x71\x73\x93\x97"
	"\x60\x82\xfb\x78\xfa\x01\xaf\x66\xe1\x8d\x3a\x8f\x38\x9b\xfd\xfe"
	"\xf3\x73\xb6\x4c\xee\x40\x35\xd4\x3c\x9e\xbd\x1c\xff\x3e\x9b\x1e"
	"\x1c\x9f\x3f\xde\x66\xbf\x9f\x66\xaf\xa7\xd3\xe3\xe9\xf1\x3f\x64"
	"\xa6\xa7\x5e\x4e\x9b\xd3\xf3\x0f\x65\x86\xf0\x02\x2e\x24\x9f\x5e"
	"\xbf\xbf\xf5\xd5\x46\x8b\x1b\xca\x68\x9b\xac\x31\x4f\xea\xa2\x60"
	"\xef\xaa\xf3\x6a\x74\xc9\x8d\x08\xb2\x22\x4b\x23\x6e\x25\xe7\x7e"
	"\x2c\x2a\x4d\x17\xc7\x78\xec\x68\x7c\x74\x9d\x61\xf2\xff\x44\x18"
	"\x51\x3c\x8e\x4b\x6b\x71\x13\xcc\xf3\x8c\xb0\xaf\x55\x5a\xf0\x4d"
	"\x6e\x2e\x96\x24\xa4\x8a\x89\x11\x96\x67\x74\x74\x74\x31\x09\xbc"
	"\x23\x65\x6a\xce\xee\xec\xe3\x42\x76\x48\x64\xee\x0f\x9a\xc9\x46"
	"\x5c\xfa\x8e\x87\xb7\x75\x45\xf8\xe4\x58\x63\x2f\xc7\x3f\x9e\x5e"
	"\xff\x98\xf2\x0b\xa4\x34\x4b\x1c\x85\x9a\x1e\x54\x1b\x20\x8d\x64"
	"\xb1\x02\x77\x5f\xaf\xbe\x57\x0a\x21\x2e\x23\x44\xa7\xc7\xbb\xc8"
	"\x1d\xcd\x94\x32\x4d\xee\xda\x35\x53\x9c\x42\xac\xc9\xd0\x51\xd3"
	"\x10\x11\x83\xc7\xf5\x32\xbf\x46\xaf\x2a\x9e\x8f\x9f\x72\x28\xbe"
	"\xcc\xd6\xcf\x3f\x4f\xed\x3c\x74\x76\x4a\x32\x98\xcc\xe1\xfb\x7c"
	"\x35\x72\x32\x71\xa1\x35\x6f\x6d\x87\x5c\xe1\xfe\xb5\xe0\xbd\x1a"
	"\x8b\xfb\x6f\x5a\x06\x13\x45\xe0\x5b\xfd\x82\xda\xc4\xf1\x9c\x77"
	"\x21\xc8\x46\x3a\x57\x70\x34\xef\x00\xa0\x69\x23\x05\xd1\xce\x51"
	"\x80\xbd\xb4\xd6\xa4\x18\x41\x13\x61\xaa\xba\xb1\x24\x9c\xfc\xac"
	"\xbf\x76\x42\xbe\xa7\x29\xf3\xf1\x96\x93\x54\x07\x77\xca\x47\xe2"
	"\x4a\x54\x1a\xb7\x65\x74\xcb\xe9\x5a\xb3\x02\x5a\xe7\x02\x4e\x44"
	"\x70\x84\x66\xa2\x3b\x8f\xe1\xe8\x10\x44\xbe\xab\x81\xa9\x90\x77"
	"\x78\x07\xc4\xea\x68\x02\x5f\x20\x88\x98\xd5\x34\x21\xf8\xfa\x4b"
	"\x9d\x7c\xea\x9e\xe7\xab\x9a\xe0\x15\x11\x25\x91\x6b\xdf\x2d\x5b"
	"\x96\x68\x50\x47\xc5\x68\xbe\x23\x65\xc9\x34\x88\xa1\x23\x86\xde"
	"\xa2\x8b\x4b\x49\x54\xeb\x82\x15\xdb\x8b\xaa\x9c\x10\x5a\x38\x22"
	"\x40\xde\x6f\x02\xe0\x20\x3f\xc2\xbb\x9a\xde\xab\xc6\xda\xe3\x92"
	"\x24\xd7\xc2\xf0\xaf\xe3\xd9\x1a\x17\x95\xff\xcd\xda\x95\x35\x37"
	"\x8e\x23\xe9\xbf\xa2\xe8\xa7\xee\x88\xad\x1d\xde\xa2\x1e\xf6\x01"
	"\x22\x29\x89\x25\x5e\x26\x28\x59\xae\x17\x86\xdb\xa5\xaa\x52\xb4"
	"\x6d\x79\x6d\x79\xa7\x3d\xbf\x7e\x91\x00\x49\x91\x20\x12\xf4\xc6"
	"\x6c\x4c\x44\x4f\x19\xf9\x09\xc4\x91\x00\x32\x81\x3c\x36\x94\x09"
	"\xe9\xec\x1f\xb6\x6b\xd8\x93\x20\xc7\x33\x1c\xa4\xbf\x3c\xa2\x1f"
	"\x9b\x0f\x88\x1a\x13\x8d\xd5\x81\x60\x43\x72\xba\x8d\xf0\xe9\x2a"
	"\x23\x61\x11\x5c\x67\xcb\xf9\xbe\xb8\x59\x18\x8e\x46\xa6\xb9\x2b"
	"\xa2\x00\xe2\xaa\x81\x8b\xab\x6b\xba\x9a\xd0\xa8\x90\x22\x90\xe9"
	"\x57\xeb\xc6\x19\x58\x8b\x4b\xc3\x94\x4b\x0c\x9f\xc1\x6e\xa9\x02"
	"\xd5\x6d\x03\xc5\xaf\x8f\xb7\xd3\xc3\xfd\xe3\x2c\xb9\xff\x60\x5b"
	"\xee\xe8\xc9\x80\x0b\x75\x9b\x3b\x79\x90\xb8\xc2\x43\xb6\x11\xe4"
	"\xd5\x54\x0c\x73\x26\x02\xe8\xd5\x87\x20\x8a\xf7\xf2\x6f\xc1\x93"
	"\xa1\xde\x2f\x35\x71\x25\xb9\x70\x8e\x65\x2e\x82\xf0\x64\x59\xc1"
	"\xf4\xf5\x28\xad\x72\x68\x1b\x7e\xc4\x31\xa8\x4e\x6b\xe3\x55\x51"
	"\x5d\x0d\xdc\xa9\xc4\x3f\x98\x9e\xfc\x1d\x19\x13\xa5\xbb\x66\x98"
	"\x54\xf5\xd7\x37\x69\x31\x0c\x9d\x76\x73\x1d\xd7\x5e\xe9\x86\x22"
	"\xc3\xbd\x4b\x0a\x65\x00\x87\xf6\x60\x10\xa3\x96\x55\x2b\x29\x36"
	"\x33\x3f\x64\x46\xe3\x2f\x8e\x1e\xbd\xfc\xda\x07\x81\xcf\xa9\xf2"
	"\x42\xab\x07\x84\xf9\xac\xf9\x5b\xd5\xc2\x30\x14\xf4\x56\x5e\xca"
	"\x76\x69\xbd\xdc\xad\x56\x60\x50\x6f\xf5\xd8\xf0\xf8\x7a\x7a\xf9"
	"\x75\x7c\x65\x8c\x78\xd5\x47\xe5\xd3\xa8\xd5\xc7\x76\xa1\x26\x9c"
	"\x6a\xa9\x25\xb7\x6a\x12\xae\xc0\x1c\x88\x35\xc7\xb7\xb2\x74\xaf"
	"\xad\x1e\xc8\xb6\x46\x8d\xcb\x0a\xf8\x39\x57\x7f\xf1\x3a\xa0\x81"
	"\xf8\x56\xb9\x64\xbf\xd7\x35\x81\xa4\xa1\xeb\xda\x9e\x0e\xc2\xe4"
	"\x65\xcb\x9a\x5b\x7a\xba\x2e\x38\x6c\xbe\xdd\xe1\x9b\xfd\xda\x32"
	"\xaa\x29\xb6\x1a\x87\x81\x1c\x6e\xc1\xb1\xc8\xc6\x88\xf9\xdd\x49"
	"\x18\xbe\xe9\xe3\x22\x29\x8f\xa7\x84\x5f\x5e\x24\xf1\x12\xac\xe8"
	"\x73\x1a\x57\x92\x38\xb9\xab\x23\x90\x0f\xe4\xc2\xd6\xd3\xa1\xcf"
	"\x99\x75\xd6\x77\x30\xe2\x9c\x96\xb1\x63\x5f\x46\xa5\xe0\x2a\x77"
	"\xd5\x2b\x07\xb4\xd5\x08\xbd\x23\x81\x35\x2a\xdb\x07\xa3\x4a\x07"
	"\x7e\x48\xa2\x6c\xf0\x4c\xdc\xc0\xaa\x42\x2e\x2a\xc6\x45\xe2\x81"
	"\x9b\x96\xa3\xaf\x90\x60\x54\x04\xa7\x95\x5c\x16\x8c\x02\xc4\xaf"
	"\x20\xea\xe8\xa8\x35\x6b\x3a\x6a\xf3\x4d\x28\x07\xa0\x17\xff\x1c"
	"\x3a\x10\xf5\xcb\x15\xf2\xad\x1a\xa7\xbb\xb2\xe8\x40\xf9\x32\x3a"
	"\x20\x3c\xd2\x61\xc4\x34\xab\x7f\x1f\x7d\xe6\x23\x0c\x04\x61\x0d"
	"\x69\x54\x4d\x63\x6f\x02\xce\x44\xd3\xc0\xcf\xc2\x52\xb6\xb2\xeb"
	"\x25\xf9\x44\x33\xd3\x65\x9c\x7e\x0e\x19\x45\xe9\xd4\xa0\x49\x5c"
	"\xaf\xae\x67\x55\x27\xe0\xd0\x3a\x55\xd7\x78\x9d\xf4\x48\x23\x16"
	"\xef\xd1\x0a\x0d\x6d\xc4\xdb\x7d\x9a\x7a\x41\x74\x88\x5d\xb4\x8f"
	"\xb2\x4a\xd3\x2d\xb6\x8a\xcd\xe9\x61\x14\x38\x45\x44\x0d\x14\x6c"
	"\xe1\xc3\x30\xda\x10\x7a\xc4\xd1\xce\xd0\xaf\x75\x1f\x68\x3a\xa2"
	"\xb8\xdb\x53\x03\xc7\xfb\x42\x8f\x38\xde\x20\xfa\xc4\x40\xd3\xba"
	"\xd1\x96\xd1\xa3\x35\x7b\x07\xd6\xf4\xb8\x08\xd4\xd2\xef\xf9\x9f"
	"\x3c\xfe\xc8\x23\x48\xbd\x1f\x3c\xc6\x67\xf5\xf1\x72\xfc\xa2\xf4"
	"\x52\x11\xb2\xfc\x2e\xa0\xf1\x27\xea\x92\x24\x68\xa9\x57\x45\x58"
	"\x17\x79\x12\x07\x3d\xf9\x8f\xe7\x60\x12\x34\x85\x00\x08\x21\x84"
	"\xe1\x3d\x00\xbf\x64\x62\x12\x62\x8d\xca\xd4\xb7\x48\x1a\x53\x24"
	"\x78\x4c\x1a\xa5\xb4\x8a\xd5\x92\x7d\x74\xcb\x5f\x27\x7a\xaf\xfb"
	"\xf0\x56\xd1\x66\x0f\xb9\x7a\xf7\x76\xa5\xf5\xe8\x19\x7f\x08\x62"
	"\xca\x09\x53\x2e\x33\x50\xd7\x37\xb7\xa0\x7d\x65\xeb\x68\x6c\x53"
	"\x05\x86\x10\x8a\x39\x11\x35\x04\xa9\x67\x23\xc6\x91\x57\x80\xab"
	"\x01\xf0\x5c\x8e\x86\x96\x8e\x39\xdb\x70\x3a\xb9\x65\x74\x07\xa7"
	"\x17\x01\x59\x60\x61\xeb\x39\x00\xf5\xee\x16\x9f\x87\xcc\xa8\x8e"
	"\x9e\xee\x5a\x3a\xba\xeb\x5a\xe6\x04\xdd\xd6\xd3\x3d\x6d\xfd\x3e"
	"\x96\xea\xa1\xa5\x63\x5e\x04\xd7\xe1\x41\x3c\xe0\x3b\x80\x67\x4f"
	"\x00\x16\xae\xa7\x0a\x80\xc9\xe9\x7c\x75\x71\x46\xac\xf7\x96\xc4"
	"\xbb\x9c\xb6\x21\x45\x25\xec\x17\x86\x15\x87\x6c\x57\xb6\x1c\x6a"
	"\x20\x66\x96\xe2\xe3\x48\x10\x03\x4e\xec\x72\x5e\x69\xd8\x33\x64"
	"\xd2\xb6\x6e\x78\x2b\xdb\x5d\x68\xa6\xa7\x0a\x08\x24\x48\xd3\x00"
	"\x92\xc0\x5d\x60\xd6\xd5\xdd\x02\x70\xff\xc6\xe9\x31\xb5\xcd\x55"
	"\x62\x9b\x8b\xc3\x24\xc6\xd2\x7d\x47\xc4\x90\x4f\xb6\x9a\xf5\xcd"
	"\x9f\x64\xfe\x7c\x3c\x3d\xff\xf5\xbb\x29\x02\xe7\x97\xeb\xe5\xac"
	"\x31\x84\x7a\x7f\x86\xf8\x9c\x0a\x23\xc7\xd9\xef\x57\x1b\x85\x3f"
	"\xc6\x3b\x04\xdc\xf9\xa4\x28\x73\x40\x1c\xaf\x32\xae\xa5\xb8\x11"
	"\x9c\x26\x52\x15\xe3\x1d\x82\x7c\xa0\x5a\xa6\x6b\xef\xee\x20\x99"
	"\x5a\x7b\xdb\x0d\x9d\xa9\x5e\x4f\x3f\x7f\x0e\xae\x5a\xfa\x8f\xbe"
	"\xf2\xfe\xda\xbe\x05\x8f\x3c\xfe\x07\xd4\x9c\xed\xa2\xd8\xc3\xca"
	"\x00\xb8\x89\x48\x59\x2d\x23\xf2\x09\xa8\xde\x42\x68\x00\x0d\x8a"
	"\xdd\x34\x48\xbf\xd3\xb5\xa8\xf6\xc9\x7e\x38\xf4\x7c\xf0\x4e\x2f"
	"\x17\x08\x0e\xfc\x36\xbb\x88\x11\xbc\xb2\x45\x76\xbc\xfc\x38\x3d"
	"\x5e\x20\x6c\x2b\x0f\x51\x3a\xfb\x1d\x06\xfa\x72\xff\xfa\xf3\x78"
	"\x19\xf3\x44\x37\xa4\x25\xc9\x68\x8c\x85\xc3\x19\x76\x10\x0f\xd2"
	"\x3f\xc0\x15\x24\x43\x14\x52\x26\x69\xb2\x83\x2e\x5e\x32\xfd\x17"
	"\x09\x43\x14\xb3\xff\x66\xf1\x92\x64\x2a\x7d\x35\x62\xdb\xd1\xd8"
	"\xe4\x02\x4a\x87\x7f\x35\x72\x24\x70\xef\x50\x7b\xe2\x44\xfc\xe6"
	"\x87\x93\xab\xcd\x2e\x0b\xa3\xf2\x80\x7d\x7f\x5b\xde\xe5\x10\xaa"
	"\xca\x73\x46\x35\x5f\x49\x20\xdf\x24\xf8\x37\xfa\x40\x18\x2c\x36"
	"\xd1\x35\xe2\xbe\x8f\xe2\x77\x1a\x3c\x16\x71\x89\x13\x0f\x60\x33"
	"\x8d\x93\x03\xb0\xe8\x3b\x88\xaf\xe1\x28\xbe\x93\x25\x89\x3a\xcb"
	"\x62\x15\xc0\xb5\xc2\x75\x4e\xa0\x40\x4a\xb0\x06\x45\x9b\xa0\xca"
	"\xe9\x9d\xba\xb0\x8d\xa8\xf3\xdb\xeb\xe5\xc1\xf8\xad\x0f\x60\xc4"
	"\x2a\xdf\x04\xc3\x5f\x35\x85\xd2\xaf\xae\xf9\x15\xab\x00\x4f\x97"
	"\xcc\x68\xd9\x9e\xc9\x7c\xed\xf6\xc4\x0a\x66\xa7\x36\xf6\x64\x6f"
	"\x83\x02\x20\x5c\x32\x76\x6c\x25\x97\x43\xb8\x0f\x45\xb1\x14\xdb"
	"\xa4\x5f\x5e\xef\xe2\xa8\x96\xa3\x9c\x0c\x5b\x5d\xee\x47\x8f\x17"
	"\x9d\x49\x13\xb4\x54\x21\x15\xb6\xbf\x23\xcb\xa5\xfb\x2d\x42\xa2"
	"\x7a\x5d\x41\x07\x2c\x1b\x59\x0b\x09\x29\x1a\x66\xa9\x0f\x41\x1c"
	"\x3a\x7a\x10\x0f\x4b\x26\xdc\x40\x36\x77\xa9\xef\x7a\xfa\xf6\xa6"
	"\xe4\xe0\x2d\xb0\xa4\xb7\x0d\xa6\xa4\x6e\x60\x4f\x7c\x2b\xa6\x89"
	"\x69\x61\x69\x92\x07\x18\x4b\x5f\xd1\x81\x41\x5c\x2d\xa2\x08\x56"
	"\xa8\x27\xd5\x00\x63\x78\x9f\x00\x7d\x06\xe3\x4f\x8c\xa1\x63\x56"
	"\xbe\x7e\x08\x97\x37\xb6\xb5\xd5\x22\x28\xd3\x19\x16\xc8\x83\x4e"
	"\x8b\x59\xa5\xa8\x4f\x74\x37\x57\x8c\xfd\xcc\x49\x88\x8b\xb8\xc0"
	"\xf6\x6b\xb1\xf4\xb3\x10\xa5\xb6\x61\xe9\xb9\xb8\x84\xf4\xc6\xf6"
	"\x38\x92\x44\x11\x4f\x2d\x35\x18\xd1\xc5\xf4\xa0\x2f\x9c\xe9\x85"
	"\x66\x4d\x43\xdc\x49\x88\x63\x4f\x43\xa6\x57\xf4\xc2\x98\x5e\x8a"
	"\x88\x1b\x6e\x37\xa4\x0b\x2c\x52\xc5\x75\xea\x9c\xe9\xd9\xf5\x4c"
	"\xf3\x13\x4b\xde\xf1\x3f\xb1\x75\x58\x53\xcb\xc7\x32\x27\xd6\x6a"
	"\x1a\x14\xf3\x85\x8b\x1c\x25\x8a\xc0\x1f\xc0\x3f\x70\xb7\xf2\x89"
	"\x2d\x3b\xa4\xb6\x65\x7f\xa6\x85\x53\x8c\xcc\xf8\x68\x11\x8c\x93"
	"\x74\x75\x86\x26\x93\xed\x30\x2d\xdf\x9b\x62\x10\x2c\x7e\x6f\x1f"
	"\xe2\x4e\x72\xa2\xe7\xbb\xf5\x8a\xa4\x71\x72\x37\x85\x9c\x3b\x53"
	"\x8b\xc3\x72\x0c\xfd\x12\x83\xfc\x80\xf3\x8a\x4c\x30\x8a\xe3\x57"
	"\x13\xbd\x07\x88\xed\x4e\x42\xdc\x85\x1e\x42\x53\xcf\x9a\xe8\xd4"
	"\xf2\xc6\xf1\x27\x98\xb6\x2c\xdc\x60\x62\x95\x01\x43\xe8\x57\xd0"
	"\xb7\xbb\xec\x26\x2d\x46\x1c\x73\x7e\xfe\x02\x8a\xcd\x04\xbf\x14"
	"\x89\x31\xb1\xcf\x03\x42\xdf\xc4\x55\xc5\xfe\x35\x75\x16\x14\xa9"
	"\x7f\x50\x46\xfa\x6e\x01\xa0\x75\xca\xe2\x16\x9f\xf8\x6c\x4f\xf5"
	"\x83\x38\x97\xde\xdc\x3b\x67\x46\x91\x1c\x68\x6a\x08\x7a\x36\xf1"
	"\xa0\xa6\xaa\xde\xab\x53\x72\xb5\xe0\xbe\x86\x8a\xee\x4a\xc7\x22"
	"\xaa\x88\x87\x9e\x92\x71\x8c\x68\x56\x58\x47\xd9\x7a\x10\xf5\x19"
	"\xca\x9a\x50\xa0\xfc\x22\x31\x8b\x12\x3a\xa4\xe6\x03\xc7\x1b\x30"
	"\xcd\x2c\x09\x63\xc2\x75\x88\x18\x06\x92\x74\x49\x60\xe6\x90\xfc"
	"\x1c\x3c\x14\x14\xf6\x5b\xb8\x2d\x4f\xc0\x86\x88\x20\x7a\x44\xca"
	"\x64\x27\x48\x35\xaf\xe6\xed\x22\xb1\x6d\xa3\xc6\x2a\x6f\xc2\x5d"
	"\x52\x14\x20\x9e\x58\xa7\xc8\x82\xe7\xf5\x5f\x59\x92\x54\x0f\xd8"
	"\x40\x1f\xeb\x74\x9d\x56\x13\x18\x05\x4b\x70\xe2\x1a\x32\xd2\xa4"
	"\x83\xec\x7d\xfd\x72\x8d\xc2\xca\x61\x3c\x31\x37\xd6\xc2\xf0\x16"
	"\xaa\x08\x74\x34\x65\xac\x3c\xa8\x2f\x78\x3c\x1d\x9f\x2f\x03\x66"
	"\x27\xf4\x2e\x63\x2a\x32\x3e\xb0\xac\x5c\xa9\xae\xb0\xf2\xe5\x6e"
	"\x35\x76\x50\xe0\xf5\x81\x81\xc5\x80\x31\x77\x07\x85\xd1\x58\x7b"
	"\x9b\x3f\x8c\xb3\xb7\x83\x88\x1b\x48\x34\x0d\xa0\x15\xb0\x36\x99"
	"\xc6\x1b\x97\x37\x28\x26\x84\x3c\x7a\x13\x18\x82\xc4\xf4\x00\x1a"
	"\x8d\xca\x20\x47\xf4\x2c\xde\x06\x36\x43\x8d\xa3\x32\x8a\xc9\xa2"
	"\xea\x80\x57\x50\xee\x90\xb4\x93\x40\x4d\x57\x9e\xe5\xa8\x47\x4a"
	"\x18\xe1\x6c\x48\x19\x85\x42\xc3\xbd\x46\x31\x5d\x21\x17\x51\xb0"
	"\x83\xa0\x69\x00\xf7\xa7\xd7\x0b\xe4\x80\x1b\x6f\x83\xf0\x33\xd1"
	"\x55\xb4\x56\x68\x4e\x3a\xfc\x6a\xe3\xc7\xf2\xf0\x7a\x7e\x3b\xff"
	"\xb8\xcc\x36\x1f\x2f\xc7\xd7\x2f\xfb\xd9\xcf\xf7\xe3\xdb\x45\xe5"
	"\xad\xb3\xb9\x2b\x22\xd0\x88\x69\x50\x60\x01\xa9\xf7\x6c\x36\xc4"
	"\x76\x8a\x07\xb2\x57\xa4\x7b\x89\x4b\xc4\xd6\xba\x28\x63\x9a\x5a"
	"\x68\x42\x54\xb6\x02\xa3\x30\x46\x4e\x96\xc4\x37\x17\xd6\x0e\x23"
	"\x62\x41\xde\x4b\x7f\x6e\x62\xbf\xf2\x4d\xdf\x8f\xb0\x1a\xa9\x2b"
	"\x69\xb4\xe2\xa6\x80\x0d\xf9\xdb\xa5\x31\xb6\xee\x26\x4e\xe4\x38"
	"\x7a\x78\x38\x3e\x1e\x5f\xcf\x4f\x47\x39\xd5\x21\x61\x0b\xd0\xf4"
	"\x2c\x44\xaa\x68\xa9\xb6\x96\xba\xd0\x51\x87\xc1\x16\x7a\x29\x77"
	"\x79\xa6\xb0\x26\x05\xd9\xc3\xf9\x99\x35\x77\xdc\xb6\xb9\x87\x24"
	"\x9f\x62\xa4\x39\xa2\xd9\x32\x92\x6f\xa2\xbf\x32\x11\x9b\x23\x46"
	"\x92\x6c\x81\xfa\x4d\x6d\xdb\xf9\xe7\xe9\xcb\xf7\xd3\xeb\xf1\xe1"
	"\xc2\x33\x12\x22\x8d\xae\xe6\x52\x48\xad\x26\x51\xe2\xcb\xfd\x03"
	"\xab\xe4\xf9\xe1\xf8\xa9\x9e\x9b\x2e\xda\x3d\xd3\x45\xfb\x30\x77"
	"\x3c\x45\x6e\x62\x68\x71\x97\xee\x8d\x7e\x3c\x5f\x7e\x1d\xdf\x4e"
	"\xd2\x07\x17\xbe\x8d\xd5\xca\x48\x0e\x9a\xf1\xf8\xe7\x07\x5b\xd3"
	"\x0f\xe7\x97\x63\x9b\xf3\x72\xcc\x5d\x86\x37\x1e\xd8\xec\x78\xf9"
	"\xe7\xf9\xf5\x2f\x3e\xc0\x1f\xff\x3a\xbe\xfe\xc7\x2c\x7e\x7a\x39"
	"\x7e\xe7\xc3\x13\x20\x63\xe2\x2e\xec\xb1\xd2\x9e\x9c\x7e\xfe\xba"
	"\xa8\xbe\x5d\xd1\xc4\xfa\x7b\xfe\xf7\x78\x4a\xd9\xec\xfd\xcf\x71"
	"\x76\x7c\x3e\xbe\xfe\xfc\x98\xf1\x15\x01\x2b\x26\x0e\x86\x1f\x8b"
	"\xe6\x58\x64\x17\x41\x73\x34\x34\x5f\x43\x5b\xa0\x34\xdf\x1d\x8f"
	"\x72\x79\x7c\x3b\x3f\xc2\x6b\xd1\x27\x58\xc6\xa2\x0b\x8c\x65\x2c"
	"\xa6\xe6\x19\x3a\xa2\x39\x9e\xa1\xf6\xe5\x66\xf6\x65\x26\x12\x35"
	"\x3e\x9e\x9f\x8f\x52\x02\x08\x9a\x62\x11\x72\x18\xf1\xb0\x1e\x8b"
	"\x1b\xf4\xe5\x78\xff\xd7\xfb\x0b\xf4\x81\x75\x8c\xf1\xcc\xcb\xf1"
	"\xf8\xf0\x6b\x10\x24\x53\x6c\xd9\xf5\x28\xb4\x44\xb3\x1e\xbf\xbf"
	"\x9e\x4f\xdf\xaf\x72\x05\xa1\x1b\xe9\xc0\x63\x4a\x79\x99\x33\x19"
	"\x7d\x8f\x85\x7c\x6d\x01\x49\x7e\x0b\x26\x00\x79\x79\x57\x6f\xe3"
	"\x24\x51\x3e\x70\x49\x71\x12\xc0\x99\x1b\xae\xa0\x99\x18\xb1\x89"
	"\x88\x3a\xe6\x2c\x60\x02\x52\xee\xa3\x7c\x57\x4d\xa0\x36\xbb\x6c"
	"\x3b\x01\x61\x62\xa1\x16\xb0\xca\xcb\x20\xe2\xd2\x23\x48\x58\xea"
	"\x1e\xc0\x33\x13\xf8\x25\x97\x51\x54\x67\x4c\x8a\x09\x36\x51\xc8"
	"\x04\xf6\xa1\x2c\xd6\x8e\xfb\x32\xc7\x02\xc3\x30\x2d\xa2\x66\x1a"
	"\xc4\xdc\x72\x90\x97\xcf\x0c\x4b\x5b\xbe\xce\xd4\x33\xb1\xa6\x35"
	"\x44\x5f\x85\x94\x34\xd8\x99\x9b\xc2\x20\x24\xdb\xfa\x90\x30\x31"
	"\x9e\xfd\xe3\xf6\x1b\xd2\x3a\xc8\xf7\xb0\x52\x57\x73\x1b\x27\x81"
	"\x69\x18\x06\x1a\x17\x29\xc5\x7c\x7d\xd6\x65\x74\x87\x59\x9b\x04"
	"\xe5\x5d\x51\xe5\xfc\x76\x3f\x08\xd8\xd0\xfe\x7f\x59\xde\x54\x41"
	"\xa1\x7e\x67\x2f\x62\x47\xb1\xff\x75\x99\x90\x09\xdb\xd5\xd9\x56"
	"\x3c\x0b\x92\x70\x76\x0b\xce\x1a\x4f\xe7\xef\xef\x8f\xc7\xeb\x52"
	"\xb9\x09\x08\x1b\xc1\xb0\x06\x62\xcf\x20\xa7\x57\x0a\x2f\x1b\x5c"
	"\x46\xff\xed\xfb\xf1\xc7\xfd\xfb\xe3\xa5\xf7\xb4\xb2\xce\x93\x70"
	"\x15\x23\x16\x2e\xc1\xa6\x64\xe2\x51\xe7\xef\xaa\x49\x2b\x7d\xe9"
	"\xe5\x6b\x9e\x9d\xda\x34\xcf\x6f\xf0\xd2\xfd\xe3\xf4\xd0\x66\x6d"
	"\x1e\xd9\xe7\x83\x78\x1b\x1d\xaa\x36\x05\x64\xbf\xf9\xb9\x10\xe9"
	"\xeb\x7e\xcc\x18\xfe\x24\x5d\x32\x6d\xbb\x1f\x9b\xbe\x18\x86\x8f"
	"\x2e\x3a\xc1\x11\x54\x3f\xb5\xda\xd6\x07\x65\x61\x01\xc0\xc1\x63"
	"\x60\x01\x72\x70\x84\x98\x8a\x49\xe0\x7d\x54\x6d\xea\xb8\x50\x7d"
	"\x66\x3d\x4c\x53\xca\xfe\xbc\x66\x4d\x04\xf1\x1c\xd6\xb0\x2a\x8e"
	"\x0e\xab\x6d\xe0\xbc\x26\xd5\xde\x2f\x47\x9f\xc5\x80\x76\x1b\xc6"
	"\xf5\x2e\x8b\x57\x71\xd4\x46\xbe\x1f\xfc\x34\x52\xc6\x6c\x12\x66"
	"\x96\x72\x13\xc0\xf0\x53\xdd\x49\x6e\xbd\x09\x34\xa9\x7a\xbb\x4e"
	"\x37\x31\x70\xde\xe1\x0e\x6b\x7c\x0b\x89\x19\x8f\xa5\x24\x63\x1a"
	"\x41\x89\x3a\x4d\x98\x26\x41\xe2\x5a\x45\x51\xaa\x71\x16\xe4\x9f"
	"\x61\xa3\x1e\xee\xd2\x02\xd7\xc1\xb9\xa5\x34\xf4\x7b\x57\xc5\xaa"
	"\x60\x4d\x6c\x87\x82\x0d\x21\xc9\xf3\xed\xae\x1f\x77\x87\xec\x23"
	"\xbe\x8d\x15\x65\x54\x90\xb2\xc7\xa9\xd7\x2d\xae\x0b\x1f\x2d\x42"
	"\x89\x07\x8f\xe7\x87\xbf\x44\x36\x26\x10\x94\x06\xe9\xc9\xaf\xdb"
	"\x22\x70\x07\x81\x7c\x4e\xea\x65\xc9\x10\x1b\x1a\x6e\xa7\x36\x57"
	"\x1a\xbb\xb6\x6b\x7e\x02\x65\x3a\x9f\x00\x21\xd1\xee\x7a\xa0\x20"
	"\x0c\xa2\x39\x22\xd9\x4b\xb0\x05\xf2\xda\xd3\x87\x51\x88\x79\x5f"
	"\x23\x21\xe0\x01\x71\x93\x97\xb1\x2a\xed\x41\xff\x7c\x01\xbd\xbd"
	"\xcf\x99\x3d\x5a\x76\x28\xa6\xda\x80\xd9\x46\xf5\x21\x07\x32\x09"
	"\x89\x03\x44\x08\xef\x4f\x79\xe0\x62\x17\x4c\x69\x48\x29\xdb\x84"
	"\x13\x79\x7b\x0c\x69\xa0\xe2\x38\x4e\x1d\x88\x4e\xc5\x4d\xbd\x0e"
	"\x82\xda\x37\x7c\x44\xbc\x65\x80\x34\xd5\x21\xe2\xa6\x0a\xc7\x30"
	"\x17\x5a\x80\x6f\x78\x07\x14\x90\x4c\x01\x44\x0d\xc8\x4b\x34\x6c"
	"\x03\x1c\xe0\x21\xd6\x78\x1d\x00\x7b\xd5\xba\x02\x34\x35\x24\x5a"
	"\x40\x28\x6a\x58\x78\xa6\x8b\x02\x12\x2d\x00\x52\xce\xa6\x53\x8d"
	"\x10\xad\xd4\x0c\x44\x53\xc5\xd4\x50\x2d\x16\x93\x00\x6f\xea\x1b"
	"\x0b\xfd\x60\x6a\x67\xa3\xd8\x4d\x20\xf8\x37\x24\x40\x77\x4a\xa7"
	"\xec\x74\x80\xd8\x26\xb0\xfd\xc6\xfb\xa1\xb7\x19\x30\x3a\xc9\x8b"
	"\xc6\x39\x6d\xd4\x2a\x9a\xfa\x98\xaa\x0d\x90\x8c\x37\x6c\x02\x44"
	"\xa7\x21\x3c\x63\xd0\x34\x2c\x20\xa9\x12\xd4\x6d\x66\x79\xb0\x05"
	"\x03\xb4\x3a\x1f\xba\x7f\x0f\x08\xda\x71\x04\x09\x6a\xba\x1d\x5c"
	"\x5a\xd0\xb5\xa4\x1d\xd9\xb2\x48\x37\xa3\x61\xfd\xcc\x98\xf1\xda"
	"\xc3\x94\x6e\xca\x78\x1b\x4d\x8d\xc7\x24\xae\x6b\xaf\x1e\xd9\x2c"
	"\xca\x9b\x80\x3a\x06\xbe\x2c\xdb\xca\x34\xb0\xeb\x78\x8f\x41\x23"
	"\x06\x63\x2b\xdc\x18\xf2\x64\x3b\x42\x63\xca\x95\x4f\x1a\x1a\x32"
	"\x2d\x9e\x66\x5a\x1a\x1e\x1a\x57\xde\xcd\xfd\x98\x44\x91\xf2\x6e"
	"\x02\x52\xb2\x2e\xe2\x48\x5d\x9f\x9a\xba\xc6\x49\x5d\x2f\xd5\xe4"
	"\x66\xd1\x21\xd5\x8e\x88\x18\x27\x08\x80\x5a\xb1\xe3\x88\x43\x51"
	"\x92\xb8\x44\x20\xd7\x8a\xb4\xb0\x2b\x27\x4c\x00\x9b\x11\xa9\xca"
	"\x38\xdb\x22\x8a\x72\xd7\xbb\x09\x50\x3b\x7c\x13\xb0\x66\x7a\xa6"
	"\x50\x4d\x3f\x75\x30\xc6\xe4\x75\x90\x66\x35\x44\xa0\x29\x10\x83"
	"\xc7\xa6\x7f\xa4\xca\x71\x80\xe0\x26\x2d\xa4\xed\x9b\x16\xd4\xf4"
	"\x4c\x8b\x11\x4c\xa4\xaf\xa6\xe9\xba\x06\xd4\xec\x18\x8e\xb5\xb8"
	"\x9d\x9c\xfe\x49\x11\x50\x72\xf4\x6c\x95\x83\x5b\x5a\xc4\x19\xd4"
	"\xd3\x53\x18\xba\xb2\x56\x48\x13\x0a\x00\x57\x0a\xe8\xf9\xfd\x55"
	"\xa5\x24\x73\xab\x69\xf1\xf6\x3b\x28\x61\xba\xd5\xb2\xb7\x88\x88"
	"\xc8\xba\xbc\x91\x13\xc8\x0d\xcb\x21\xb5\x3c\x44\xec\x25\x29\x8a"
	"\xc8\xf3\xa4\xbe\xcd\xcb\x2d\x29\x9b\x64\x76\xfd\xe7\xe2\xb2\x24"
	"\xd5\x8e\xc1\x0d\xc3\x77\x7d\xb7\x1f\xd3\x0e\xd2\xb8\xb2\x3f\x3a"
	"\x88\xe9\x99\x06\xff\xdf\xe0\x43\x9e\xd3\x01\x58\x05\x0b\x6b\x90"
	"\x5c\x5a\x6a\xc8\x3e\xa8\x1a\x93\x63\xb5\xd4\x5a\x36\x39\xe4\x98"
	"\xa4\xe0\x23\x76\x23\x22\x4b\x54\x81\xe4\x09\xa6\xed\x97\x82\x74"
	"\x02\x90\x56\x3b\x4b\x8f\xa8\x52\xf5\xb3\x4e\xd4\x35\x52\x19\x96"
	"\x33\x25\x71\xb2\xcc\x0f\xf2\x28\xa4\x9b\x1d\xf2\xac\x2e\xae\x62"
	"\x34\x00\xdb\x32\xea\x74\x89\x64\x9f\x6d\x6d\x06\x30\x7a\xd3\x1c"
	"\x2c\xe0\x06\xd7\x3b\x48\x11\x80\xc2\x1f\x8c\x1f\xbc\xf7\xa9\xec"
	"\xab\x76\xcd\xcd\x18\xa4\xf5\x2a\x89\x0e\xd0\x74\xe9\xe3\x6d\x15"
	"\x55\xcc\xc5\x0e\x4e\x97\xe2\x0d\xf4\x03\x10\xc4\x6c\xe1\xed\x86"
	"\x99\xfc\x44\xd1\xd5\xb2\x9c\x2f\xaa\x35\x3c\x05\x9c\x1e\x66\x9c"
	"\x38\x2b\xee\x7f\x1e\xb9\xe5\xfd\x38\x2e\x8f\xf8\x35\x3c\x7e\xae"
	"\x2b\xb2\xec\x47\xe5\x91\x29\x75\x52\x90\x68\x78\x71\xac\x00\xd4"
	"\x34\x4a\x56\xf2\x00\xe2\x3f\x61\xd3\xbd\x9f\x53\xe5\x15\xaf\x84"
	"\x5c\x91\x61\xbc\x0f\x25\xe0\xff\xf8\x75\xfe\x13\x48\x96\x1d\xd5"
	"\x55\xb2\xd4\xb4\x62\xdf\x0b\xe1\x99\xaf\x44\xb1\x3c\x52\xc2\x0a"
	"\xa2\xc7\xc6\x54\x80\x06\xac\x0d\x65\xf5\xde\x46\x97\x34\xa7\x7f"
	"\xa2\x13\xac\xb9\xdc\xfa\x00\x37\xaf\xe8\x6a\x83\x9a\x78\x84\x07"
	"\xe9\x12\xa8\xcf\xbc\x09\xf9\x76\x57\x43\x92\x70\xf9\x61\x59\xf4"
	"\x4c\x6f\xc3\x21\x78\x6c\xfc\xca\xf3\x74\xbe\x1c\x5f\x5e\xcf\x0f"
	"\x4a\xc3\xa3\x08\x02\x80\x82\xd1\xf9\xf8\x87\x2f\x4f\x6f\x3f\xc7"
	"\x07\x01\x5b\x1d\xb4\xe7\x9a\xca\xff\x04\x4b\xa1\x52\x2e\x13\xab"
	"\x91\x47\x8a\xc9\x48\x15\xef\x07\x3c\x3b\x82\x94\x85\xea\xf8\x1a"
	"\xc1\xa8\xf4\x20\x33\x06\x14\x4a\x07\x68\x05\x2e\xd6\xd6\xb3\x5c"
	"\x63\x21\xe2\x7a\x50\x9a\x86\x1a\x88\x30\x57\x40\xd5\x0a\x06\x92"
	"\x2b\x10\xcf\x58\x6c\x2e\x7e\xa7\x1f\x6f\x97\xe3\xd3\x2c\x7f\x9e"
	"\x05\xbf\x4e\x2f\x7f\x5c\x2f\xb1\x43\xe9\xf1\xfd\x09\xae\xbb\x1f"
	"\x78\x72\x40\xe9\x5d\x7e\xf9\x7a\xbe\xff\xfe\x70\x7e\x92\x68\xbd"
	"\xa4\xb0\x41\xbd\x2c\x83\x94\x71\xe5\xd8\x41\xe8\x3f\xd3\x83\xaa"
	"\xce\xee\xaa\x1d\xa9\x53\xdc\x14\xb1\xd3\x06\xb2\xb7\x4a\x99\xac"
	"\xfb\x10\x26\xd3\x50\xb1\x12\xa4\xeb\xa4\x72\x97\xd5\x37\xbb\x68"
	"\x17\xc1\x9b\x51\x45\xc7\xbb\x3b\x5d\xc6\xf8\x0d\x55\x55\x43\xca"
	"\xd8\xbe\xdc\xd1\xb9\x98\x8c\x6a\x12\x2a\xe4\xc8\xfd\x44\x02\xb5"
	"\x2a\x1f\xe6\xa6\xd2\x54\xe5\xb5\x55\x49\x5f\xee\x14\x05\x75\x1b"
	"\xb8\x6c\x38\xd9\x84\x56\xf2\x9f\x00\x02\xb5\x26\x58\x24\xd3\x2b"
	"\xa4\x88\xca\x95\x84\xea\x63\x6e\xd2\xb8\x97\x78\x78\xf8\x7b\xa0"
	"\xf1\xab\x79\x7c\x24\x86\xcb\x13\xf8\x9c\x20\x4f\x4e\xed\x0a\x92"
	"\x97\xfe\xf0\xf6\x43\x43\x4b\x2c\x99\x3c\xa8\x79\x18\x66\xa2\x2d"
	"\x63\xff\x28\x50\xb6\x6c\x5e\x6c\x81\x2f\x85\x8f\xeb\x58\xfb\x63"
	"\x5b\x74\x59\xef\x32\x24\x68\x13\xaf\xe5\x96\x54\xc1\x26\xcc\xd7"
	"\x03\x37\x59\x4e\x11\x0f\xaa\xb7\x40\x5b\xc6\x15\x84\x5d\x14\xae"
	"\x58\xa3\x86\x72\x48\x5c\xc4\x75\x94\xc1\x01\xa9\x1b\x6e\xbe\x50"
	"\x22\x99\xef\xd2\xc2\x2a\x14\x2c\x4f\x35\x53\x71\x1b\x64\x10\xee"
	"\xad\x2a\x55\x6f\x0f\xfc\xd1\xab\x58\x52\x49\xb1\x17\x56\x52\x6c"
	"\xd5\x05\xe0\x9f\xa9\x26\x66\x79\x05\xaf\x3f\x32\x75\xb7\x6c\x1e"
	"\xbb\x4b\x76\x2e\x92\xbe\x2f\x1e\x90\x8b\x38\x91\xf0\x77\x14\x34"
	"\x9d\x1b\x9e\x93\x2e\x4d\x47\xe8\x9a\xd2\x52\x95\x27\xbd\x25\xa7"
	"\xac\x6f\x37\x21\x2d\xbc\xbd\x32\xe7\x5d\x54\xed\x0a\x5e\x05\x6f"
	"\x2d\x17\x96\xf3\x5d\xd5\x0f\x00\xce\x68\x4d\x1b\x06\x90\xff\x82"
	"\xf7\x01\x63\x80\xe2\x3d\xd3\xa1\x3a\xf7\xbb\xd1\x07\x87\xdd\x82"
	"\xb7\xeb\xf1\x3e\xd8\x51\x2a\xf1\x64\x55\x6e\x35\x2f\x56\xf0\x24"
	"\x55\x43\x3c\x00\xc6\xbd\x55\x14\x68\xac\x4b\x43\x7c\x7f\x63\x24"
	"\xc5\x72\x58\x27\x24\x8c\xb9\x5b\xee\x54\xfd\x43\x74\x54\x22\xf9"
	"\x74\xc3\x03\x7f\x86\xc5\x84\x77\x10\xcd\xf9\x60\xdd\xd5\x94\xe9"
	"\xf1\x88\x7b\xa7\x60\xf4\x28\xd8\xb1\x7e\x8b\x20\x59\x3d\xf9\x10"
	"\x38\x7c\x20\x56\x71\x96\x47\x5f\x2f\x39\xf5\x66\x98\x72\x9d\x97"
	"\xc1\xc8\x23\x26\x11\xe2\x25\x6f\x17\x4a\x0b\x12\x04\x3f\x1a\x90"
	"\x24\xee\x47\xcf\xef\x28\x57\xb1\x61\x23\x51\x81\xd7\xc1\x13\x24"
	"\x5c\x4a\x84\x88\x94\xc9\x5d\x5d\x32\x5a\x3e\xda\x71\x41\x06\xe2"
	"\x8f\x88\x54\xb3\xaf\x4a\xe2\x8d\xac\xff\x0c\x54\x1b\x28\x6d\x56"
	"\x6b\xd1\x5b\x7a\x37\x34\x8a\x60\xba\xea\xb8\xbc\x19\x6c\x36\xbd"
	"\x72\x45\xe0\xbc\xc1\x79\x3e\xcc\x0a\xd0\x13\xc0\x8a\x6d\x25\xf7"
	"\xeb\x6b\x45\xd6\x7b\x1f\xbb\x99\x64\x8b\x5b\x7d\xfc\xd3\x34\x88"
	"\xb3\x7d\xbe\x95\xee\xfa\x78\xd0\x99\xb1\x37\x38\x3f\xb2\xf6\x58"
	"\xfe\x77\xbe\x9d\x8c\x06\x9c\x49\x72\xe3\xa8\x33\x03\xc4\xcd\xb2"
	"\x32\xb1\xf4\x7f\x04\xa6\x8b\x2f\xd4\x08\x35\xef\x5e\x51\xe2\x38"
	"\x3e\x64\x39\x1e\xed\x6e\x60\x6c\x23\x76\x09\x55\x7b\xa3\xc6\x74"
	"\x97\xef\x9c\xcd\x96\x2c\xd7\xb0\x41\x82\x26\xf3\xa1\x58\x27\x1a"
	"\x8b\xf4\x35\x4d\xea\x2a\x80\x4d\x2f\x5e\x67\x48\x14\x29\x3e\x40"
	"\x4c\xe6\xc8\xcb\x14\x02\x71\xa2\x72\xc7\x26\x8a\x9a\xe3\x8e\xb7"
	"\xba\x80\xd0\xbc\xc1\x30\xef\xc5\xf5\x6c\xab\x69\x12\x45\x85\xea"
	"\xe8\xe3\x7c\x50\xa6\x72\xe9\x81\x31\x64\x44\xb6\x63\x11\x2c\x2f"
	"\xea\x30\x2c\xd9\x27\x29\xe5\x46\x4a\x78\x6f\x1b\x28\x9f\x2c\xbe"
	"\x2a\xa9\x06\x0b\xad\x60\x18\x70\xa3\xd8\xe7\x15\xfe\xb8\x20\x3c"
	"\x03\x90\x20\xaf\x1c\x80\x2a\x22\x82\x5a\x52\x7c\xf2\xda\x73\x71"
	"\xb9\x46\x77\x4a\x9e\x13\x75\x95\x0f\xd7\x7a\x63\x7e\x24\xe7\x20"
	"\xe8\x91\xaa\x6f\x03\xed\x89\xcd\x1b\x3b\x8b\x96\xfc\x4e\x51\x38"
	"\xa2\xa8\x8d\xa5\x84\x88\x81\x99\x49\xd0\x5d\x76\x60\x4c\x5a\x22"
	"\x31\xb3\x78\x46\x33\x95\xf4\x5f\x80\x6c\xb6\x5f\x95\xd1\x4d\x7b"
	"\xed\xd2\xfc\x39\x5b\x9f\x99\x86\xf2\x7c\xee\xeb\xaf\x0d\xa9\x5e"
	"\xe7\xfb\x36\xb7\x59\x9e\x85\x11\xcc\x67\xcf\xcf\xa5\x07\xea\xf1"
	"\x2e\x02\x80\x18\xbb\x94\xec\x11\x32\x84\xb7\xa0\x05\x41\x7f\x4d"
	"\x28\x8d\xb1\xdf\x32\x3d\xa9\xe9\xd6\xe0\xc8\x88\x53\xa6\xba\xdd"
	"\x0e\xe6\x86\xdf\xd7\x45\x69\x42\x20\x32\xbd\xb4\x64\x02\x08\x8d"
	"\x7f\x3b\x2a\xae\x53\x27\x95\xcb\xfb\x1f\x17\xdf\xba\x9d\x84\x04"
	"\x24\xd8\x44\x1d\xaa\xf7\xc6\xd1\x1b\xe8\x22\x4c\xc1\xee\x5e\xe5"
	"\xd0\xd4\x83\x89\x0e\xc8\x93\x18\xca\x57\x10\xa3\x16\x90\x90\x71"
	"\x60\xc3\x94\x18\x66\x5d\xec\x58\x5f\x94\x3d\x69\xd8\x60\x10\x55"
	"\x4b\x08\x3e\x0d\x80\xfd\xff\xf2\x56\xd5\x37\xe8\xd7\x44\x9f\x60"
	"\x3f\x4a\x06\x66\x4c\x57\x76\x15\x67\x90\x2a\x48\xc4\xa1\x0a\x78"
	"\x4b\xf9\x40\x44\x7f\x5f\x1e\xce\xcf\x6d\x62\x01\x45\x86\x09\x01"
	"\x67\xc3\x10\xd4\x5f\x49\xa0\x36\xc9\x69\x30\x68\xec\x90\x86\x0e"
	"\xc9\x18\x6c\x24\x02\x7d\x03\x69\xfc\xa6\xd8\x79\x92\xc6\x34\xd0"
	"\x21\xcb\xca\x5f\xcc\x6d\xa2\x83\xd0\xd4\x75\x0d\x0b\x1d\x82\x2e"
	"\xda\xed\xe0\xcc\xe2\x6a\x9a\x4a\x62\x1b\xe2\xd8\x9f\x8d\x0c\xa8"
	"\xbe\xc1\xe3\x79\x76\x45\x80\x33\x14\xd0\xc4\x23\x41\xe9\xf4\x56"
	"\xb7\xe1\x35\x08\x45\x25\x93\xae\x13\x87\xc4\x76\x5c\x34\x29\x67"
	"\x4b\xc7\xac\x4e\x97\x29\x31\x11\x1f\x06\x46\xb2\x2c\x8c\x14\xc0"
	"\x45\x06\x3c\x77\xa8\xcf\xf2\x90\x60\x41\x4d\x43\x62\x23\x8e\xbc"
	"\x21\x53\x51\x42\xc4\x20\x4b\xd0\x16\x38\x0d\xf1\xe4\xe4\xe3\x2a"
	"\xde\x65\x92\xda\x26\x07\x24\x74\xe3\xf6\x40\xc3\x05\x42\x09\xbe"
	"\x6e\x4d\xc3\x54\xdf\x00\xa7\x81\x6d\x21\xae\xa8\xec\xe0\x9f\x3b"
	"\x2e\x3e\x31\x2d\x1d\x35\x07\x66\x74\xd4\x84\x22\x25\xbe\x83\xf8"
	"\x5f\x30\xda\xc2\x45\xec\xe8\x04\x0d\xe9\xca\x21\x70\x0c\xcc\x1e"
	"\xe1\x10\x78\x16\xb2\xd6\x99\xb2\x62\xa3\xf9\xaa\xab\xad\x6f\x9b"
	"\x16\x4a\x5b\x12\xf7\xdf\x72\xcc\xb1\x3c\xd4\xc5\xc6\x5a\x98\x38"
	"\x09\x73\x8d\x98\x3b\x73\xdc\xd3\x07\xff\xd6\x1c\xff\xd6\x7c\x61"
	"\xa3\xfe\x41\xfe\x1c\x23\x2d\x2c\xf4\x57\x0b\x24\x2a\x58\xc0\x8d"
	"\xcb\x4d\xd8\xda\xd5\xbb\x68\xb6\x8f\x92\xbc\x88\x1a\xf5\x3b\xc7"
	"\x12\x84\xfa\x0e\xe2\x68\xbe\x39\x60\x69\x93\xe3\x8c\x58\x87\x03"
	"\xfa\xe5\xa4\x0a\x2c\x67\x6e\xe2\x34\x2c\xdc\x1b\xd0\x90\xe8\xd1"
	"\xec\xf0\x31\xb1\xf8\x1a\x40\x33\x4d\x84\x23\x05\xd1\x47\x69\x36"
	"\x12\xf0\x84\xd1\x16\x1e\xd2\xff\x34\x28\x6c\x0b\x89\x6a\x03\x34"
	"\x07\x89\xe9\x92\x91\xdd\xdc\x57\x1e\x69\xfc\xe0\xdc\xc3\x29\xdd"
	"\x49\xd6\xb2\x33\x32\x3b\x54\x63\x6c\xc4\xaf\x90\xbd\x04\x19\x01"
	"\x18\xdd\x1d\xd5\x5e\x69\x2b\x2e\x4b\x8c\x5c\xf1\xfa\x0c\xdf\xd4"
	"\x93\x11\xeb\xd2\x96\xec\x50\x03\x89\x9f\x28\x10\xa6\x65\xda\xbe"
	"\x8e\x6e\xf8\xd4\x34\x2c\x6d\x0d\x3e\x35\x5c\x2d\xc2\x33\xa9\x87"
	"\xe4\xdb\xe0\x08\xf6\x05\xc4\x62\x52\x90\xe7\x0b\xc4\xea\x4c\x90"
	"\x7d\xcf\x47\xbb\x50\x25\x81\xe3\x22\x59\xc1\xf7\x2b\xcf\x34\xe4"
	"\x95\xd6\xbc\xef\xbc\x3c\x9e\x7e\x9c\x46\x7b\xa4\x6f\x7b\x0a\x37"
	"\xc0\x5f\xc7\x27\x9e\x88\x80\x2a\xbc\xe5\xaa\x84\xd0\x1a\x52\x2e"
	"\xf3\xf0\x02\xc8\x66\x43\x7d\x6c\x33\x20\x37\xa8\xda\xb6\xff\xe6"
	"\x0f\x77\x2f\x11\xf4\xe0\xf4\xbd\x0d\x7a\x00\xce\xa3\xc2\xf2\xbc"
	"\x7d\x47\xa2\xb4\x68\x89\x1d\x61\x78\xb8\x33\xf5\x59\xb4\x54\xca"
	"\xf1\xd6\x98\xb1\xbf\x3f\x5f\x7a\xcf\x52\xad\xbf\x20\x3b\x5c\xee"
	"\xc5\x31\x83\x9d\x2d\xae\xe1\x61\xce\x75\xae\xed\x19\x28\x09\xf5"
	"\x07\x75\x1d\xcb\x44\x49\x8e\x87\x93\x30\x5f\x3d\xd7\x5d\x58\x25"
	"\x4e\xb3\x71\x9a\x81\xf6\xcc\xb3\x9c\x12\x95\x48\x60\x43\xf6\x50"
	"\xff\x4c\xd7\xf3\xd1\x4e\xcc\x11\xd9\x01\x48\x9e\x89\x93\xd0\x76"
	"\x6a\x4e\x5c\x1b\xf5\x13\xf6\x7d\xc4\xc1\x38\x2c\xf2\x0a\x82\x8f"
	"\xaa\x77\x70\xcf\xb2\x91\x4e\xb3\x43\xc1\x35\xd1\x43\xc8\xf5\x2d"
	"\xf4\xbc\x70\xe6\x88\x47\x01\xd0\x16\xc8\x79\x21\x16\xbf\xd4\xce"
	"\xce\xe9\xfa\xfb\xfb\xd3\xd3\x47\xf3\xd4\xda\xb2\xfb\xea\xf5\xf8"
	"\xdf\xef\xc7\xe7\x87\x8f\xce\xdf\xf6\x5f\xe0\x4b\x19\x86\xf4\x1f"
	"\x45\x92\xb4\x28\x61\xcf\xc5\x0d\x50\xee\x2f\xe7\xd7\x7f\x84\xa7"
	"\xb7\xcb\xeb\xe9\xcf\x77\xf0\x2f\x96\xdc\x73\xa5\xc0\x62\x22\xca"
	"\xcf\xaf\xfb\xb7\xe3\x97\x84\xd5\x71\xfc\x3e\x4b\xce\xe7\x97\xd9"
	"\xef\xac\xf2\x3f\x66\x3f\xba\x8f\xbf\xf5\x3e\x3e\xac\x70\xc5\xa4"
	"\x0d\xe3\xdf\xf2\xea\x45\xd7\x1b\x50\xb1\x70\x60\x2d\xd5\xd3\xf9"
	"\x8c\xa3\x8b\xfc\x50\x52\xc7\xc5\xf4\xa2\xb5\x89\xc9\xec\xc5\xce"
	"\x36\x5c\x03\xd5\x07\x1a\x4d\x65\x7d\x57\xe6\x1a\x45\x25\xae\xd6"
	"\xb6\xe4\x44\x2b\x36\xd1\xe3\xfd\xe3\xe5\x57\x6f\x3f\x6f\x4b\x5f"
	"\x2f\xb3\xf2\xfe\x72\x9c\xa5\xe7\xe7\xd3\x45\x1e\xc2\x55\xe4\x38"
	"\xd8\x72\xe1\x34\x07\x63\x6e\xdb\xd0\x48\x58\x40\x1c\x47\x83\xda"
	"\xbc\x3f\x9d\xbe\x9f\x2e\x1f\xca\xc9\x4c\x2d\x1b\x39\x4f\xc3\x4d"
	"\x85\x1c\x35\x1b\x38\xeb\x11\xb9\x6b\x53\x51\x0b\x59\x7e\x9b\x6a"
	"\x87\x50\x68\x3c\xc7\x34\x20\x20\x59\xe3\x61\x8f\xd9\x9a\xb9\x40"
	"\x74\xdc\xa7\xe3\xfd\xdb\xfb\xeb\xf1\xe9\xf8\x7c\x99\xbd\xb3\x91"
	"\x56\xb0\xaa\x63\xe8\x98\xd1\x41\x95\xf0\x98\x71\x14\xca\x35\x0d"
	"\x19\xdb\xb2\xb7\xe9\xc1\xc3\x84\xf6\x3d\xb0\xa4\xa7\x65\xc9\x1e"
	"\x06\xfb\x42\x83\xe1\xec\x3b\x51\x8f\x60\x71\xac\x1e\xc1\xfe\x09"
	"\x4d\xbd\x90\x1e\xb4\xba\x3c\x4d\x6d\xdb\x48\x36\x9b\xcf\x7b\xe1"
	"\x93\xf0\x6b\x58\x53\xec\xde\x81\x24\x6c\x83\x47\x62\x0b\x92\x22"
	"\xa4\x0b\x1b\x7d\x8f\x61\x44\xcc\x2f\x66\xb9\x31\x31\xb7\x74\x20"
	"\x21\xd3\x1d\xa4\xb6\x65\x22\x01\xea\x80\x86\x79\x66\xb1\x21\x41"
	"\x74\x46\x46\xf2\x30\xff\x01\x46\xf2\x90\xab\x82\x75\x61\x91\x82"
	"\xb1\x3c\x31\x8c\x15\xe2\xc9\x08\x42\x17\x44\xa2\x4e\xac\x85\x81"
	"\xa8\x54\x43\x10\x12\x36\x9e\x13\x4d\xe4\x40\xfc\x4a\x09\x13\xf8"
	"\x91\x88\x64\x45\x69\xa0\xb1\xd6\xab\x12\x0b\x93\xce\x76\x28\xb6"
	"\xb5\x21\x73\xfa\xbf\xa5\x5d\x49\x73\xe3\xb8\x92\xfe\x2b\x0e\x9f"
	"\x66\x22\x5e\xbf\xb6\x64\xd9\x96\x0f\x3e\x80\x24\x24\xa1\xc5\xcd"
	"\x00\xa9\xc5\x17\x86\xcb\xa5\x76\x29\xba\xbc\x84\x97\xe9\xea\xf7"
	"\xeb\x07\x09\x90\x14\xb1\x24\xe4\x89\x89\xe8\xae\x2a\x21\x93\xd8"
	"\x97\x44\x22\xf3\xcb\xa2\xac\xe4\x70\xfb\x3f\x2c\x65\x55\xc6\x67"
	"\x28\x59\xb0\xd1\x68\x72\x81\x29\x3b\xce\xcf\x11\x15\x55\x15\x8b"
	"\xf3\x09\xe2\xd3\xa8\x68\x08\xb6\x68\xd7\xb7\x00\x31\x81\xe1\x74"
	"\x2a\xda\x14\xa5\x4d\x2e\xce\xb1\x70\x19\x17\xa3\xe9\xd8\x6f\xb3"
	"\xb6\x8a\xf3\x14\xed\xbe\x15\xcd\xd2\xcb\x33\xc4\xf9\x72\x95\x5e"
	"\x8e\x3c\xf0\x26\xd9\xfd\xe3\xf3\xee\x43\xeb\x36\xbd\xab\x77\x89"
	"\x7a\x8e\x29\x12\x22\x5b\x2e\xcf\xae\xaf\x91\x15\xdf\xaa\x2f\x33"
	"\x32\xcf\x03\x3b\xeb\x81\x07\xd5\xd1\x91\xf9\x39\x86\x15\x99\x65"
	"\xf1\xf9\x85\x05\x3c\x63\x6f\x65\x2a\x73\xfc\xb0\xef\x46\x78\x91"
	"\xc5\x17\xd3\xc9\x39\x5a\x55\x9b\xcf\xaa\xae\xee\xe4\xcf\x9f\x1f"
	"\xfb\xd7\x9f\xbb\x5f\x96\x0c\x06\x35\xb1\x5e\x15\xdb\x93\xed\xe1"
	"\xe7\xfe\xd9\x19\x14\x43\x3e\x7b\x7d\xf9\x90\xe7\xdd\xde\xa3\x95"
	"\x96\xf7\xe3\xe9\x19\xaa\x49\xb9\x98\x4c\x47\x01\xda\x15\x2a\x19"
	"\x8f\xce\x71\x89\x1a\x9b\xca\x55\x99\x7a\xc5\x11\xbb\x11\xef\x1f"
	"\xf7\xe6\xa9\x9d\x66\xe5\xb5\xfd\x14\xaf\x05\xde\xb7\xdd\x3b\x1c"
	"\xf6\xde\xb9\x1a\x95\x67\x97\x67\xd9\x1c\x99\x52\x25\xa6\x15\x5f"
	"\x94\x58\x77\x95\xe9\x68\x14\xd0\x22\x6b\x32\x3a\x41\xcb\x54\x4e"
	"\x50\xcc\xb5\xf3\x02\xd5\x68\x49\xd2\xf9\x55\x68\xe6\xaa\x90\x9f"
	"\xfe\xfe\xbe\xc0\x44\xca\x45\x39\x3e\xbb\xf4\x37\xe3\xae\x24\xf2"
	"\x68\xbb\xf4\x9f\xe8\xcf\x80\x8c\xe3\xeb\x6b\x71\x7e\x6d\x2a\x2b"
	"\xdb\xe1\x79\xf9\xb5\x7f\x02\x41\x13\x80\x2e\xbe\xef\xdf\x35\xdc"
	"\x91\x27\x83\x94\x25\x84\xcb\x3f\x2b\x8a\xe1\x02\x0a\x3e\x43\x64"
	"\x60\xb1\xb9\xbe\xc0\xb4\xde\xf2\xa3\x29\xb2\xad\x2a\x88\x01\x96"
	"\x59\x80\xf4\x1a\xea\x66\xf7\xf4\x0a\x37\x30\x64\x66\xc9\xb5\xc1"
	"\xb2\x46\xc5\x50\x2d\xe2\xa2\x2e\x11\x6f\xfb\x2c\xdd\x5c\x9f\x5d"
	"\x62\xc7\x49\x56\x9e\x21\x0f\x2c\x8a\x74\x85\x1c\x14\x5b\x81\x1c"
	"\x79\x8a\x84\x9c\x13\x79\xe5\xb7\x37\x58\x81\x01\x40\xed\xb3\x41"
	"\x29\xd7\x03\x6b\x0c\xf9\xc3\x85\xd4\x87\x44\x70\xec\x99\x55\x08"
	"\x3a\xc9\x3a\xd3\xf1\x4b\x10\x9d\x32\xd0\x6f\xfd\x06\x4d\x8a\x54"
	"\xb1\x26\x2d\x6d\xc3\xab\xe5\x5c\xd8\xce\xec\xed\x3b\x72\x17\x39"
	"\x61\x5e\xac\x28\xcf\x0b\x7e\x73\xfa\xf4\xfe\xf4\xdb\xfd\xf7\xb7"
	"\xdd\xf3\xcb\x6f\x1f\xff\x39\x75\xb2\x71\x1c\x11\xf8\x2d\x84\x44"
	"\x36\x5f\xe7\xe7\x2c\x76\x12\x60\xf8\x9b\x9c\xdf\x8c\xec\xf4\xd5"
	"\x38\x73\x99\x57\xe7\xbe\x34\x79\x79\x14\xde\x74\x12\xdb\xed\x13"
	"\x8b\x62\x0d\xf6\x96\xb5\x1c\x2b\x6d\xb3\xd5\x8b\x40\xbc\x62\x60"
	"\x6b\x03\xd6\x0e\x71\x59\x9b\x36\x1f\x65\x62\x5a\xa8\xea\x24\xdc"
	"\x7f\xf7\xc0\x60\xfa\x7c\xf6\xe9\x3e\xff\xca\x03\x31\xe8\xe9\xd8"
	"\xb1\xe1\x6e\x75\x2a\xb8\x2b\x66\x73\xdc\x7e\x0d\xa6\xf9\xa1\x8a"
	"\x03\xa4\x06\xd8\xa5\x16\x66\x20\x5f\x56\x92\x78\x89\xcc\x72\xc9"
	"\x4e\x2b\x78\x4f\xae\x78\x01\x80\x4f\xa6\x7d\x0c\xd0\x48\xb5\xb8"
	"\x42\xa0\x7c\x15\x3d\xa2\x3c\x65\x79\x80\x81\x65\x9b\xab\x00\x39"
	"\x25\x79\xc5\x6e\x43\x0c\x65\x3c\x9a\x22\xa1\x65\x34\x47\x46\x45"
	"\x11\xaa\x41\xc9\x44\x45\xe4\xd4\x2e\x02\x3c\xa2\x88\x01\x78\x29"
	"\xc4\x51\x65\x18\x3e\xb5\xa6\x83\x1d\x50\x80\xae\xad\x11\xe3\x60"
	"\x4d\x01\x95\x35\x94\x05\x9d\x73\xd2\x44\x25\x82\xc7\x32\xcb\x5c"
	"\x6d\x1c\x84\xaf\x15\x9f\xdf\xde\x95\x67\xc6\xc1\x18\xa5\xb5\x39"
	"\xb6\x43\xce\x42\xc8\x5a\x3c\x48\x06\x38\xa2\x2d\x8b\x9c\xa8\x88"
	"\xcd\x68\x00\x5e\xc8\xa3\xdc\x90\x66\x3c\xcd\x03\x01\x3a\x0d\x2e"
	"\xc8\x0f\xe5\x8a\xe5\x1e\x5a\xa2\x20\x94\x2a\xc8\xae\x76\xad\xbb"
	"\x9d\x9e\x5d\x4e\xe4\x2a\xa8\x48\x98\x93\x29\xce\xcd\x17\x38\x01"
	"\xca\x68\x1c\x66\xb9\x45\xc6\xe2\xc0\x60\x37\xce\x66\xa8\xad\x53"
	"\x05\xec\xb2\x62\x04\xdf\x2c\x8b\xdd\x67\x85\x72\xf7\x06\xb8\xe6"
	"\x4a\xae\x78\xd2\x8a\xb5\x01\x7e\xe8\x60\x83\x2d\x87\x9b\x3d\x24"
	"\x24\xa2\x36\x13\x07\xee\x16\xc3\x64\x4e\x44\x67\xd4\xe3\xa2\xcd"
	"\x69\xe8\xb8\x41\xc6\x2d\x96\x5c\xc4\x20\x96\x4c\xeb\xec\xe8\xa5"
	"\x0d\x23\x89\x58\x5f\x75\x60\xd1\xa7\xdf\xf6\x10\xe0\xe7\x5f\x3f"
	"\xfe\x6e\xff\xf1\x3f\xcf\xdf\xf5\xbf\x4e\x5d\xf4\xba\x43\x89\x5e"
	"\x1f\xb8\x4e\x4a\xe0\x24\xa6\x60\x57\xd5\x58\x5e\x1f\x29\x8b\xf2"
	"\x55\xc2\x32\xaf\x69\x14\x19\xb8\x55\x76\x21\x53\x2c\x2f\x93\x99"
	"\x94\xa6\x7c\xdf\x2a\x76\xfd\xc0\x29\x12\x13\x00\x4b\x20\x92\x83"
	"\x06\x90\xae\xfc\xc8\x62\xf6\x36\xa5\x95\xeb\x82\xf9\x40\x63\x67"
	"\xc2\xbf\x23\x55\x94\x7a\xfd\x09\xf4\xd5\x4d\x0c\xc1\x71\xe4\xde"
	"\x6a\xfd\x32\x4d\xce\x54\x4a\x9c\x32\x2b\x16\x66\xcb\xe8\xb7\x51"
	"\x57\x44\xc0\x95\x98\xfc\xb2\x32\x52\x60\x13\x7c\xe5\x4b\x8d\xc0"
	"\x6e\xc0\xf0\x2f\xec\x92\x95\x4d\x5a\xee\xc2\x87\x2f\x77\x6f\xcf"
	"\xbb\x9f\xa2\x3e\xcc\xd6\xa5\x30\x7c\x2a\xe5\x4f\xb4\x8e\x40\x6b"
	"\x4d\x61\x17\x45\xd1\x63\x51\xcd\xf6\x6f\x4f\x7f\xdf\xbf\xed\x5c"
	"\xfb\x3e\xb5\xc4\x44\xcc\x9a\xd9\xda\xf6\xdb\x54\xc9\xf1\x82\xc6"
	"\x98\xd3\x83\x72\xb7\x8c\x4b\x05\xfa\x55\x49\x89\xda\x2f\x23\xcc"
	"\x18\xcf\xd6\x60\x15\x2d\x27\x54\x86\xec\x10\xb3\x75\x13\xcf\xe6"
	"\x5a\x58\x0d\x38\x19\x35\x2a\x86\xd3\x10\x8b\x4b\x7b\x7c\xc6\xa6"
	"\xbf\xd7\xbc\x28\xe6\xe0\xe9\xda\x16\x8c\xc4\x8c\x14\xca\x22\xce"
	"\x73\x87\x78\x7c\xbb\x3f\xf9\xb3\xeb\xb0\xfe\x35\x68\x10\x13\xcb"
	"\xa3\x1b\x98\xed\x01\x04\x53\x1d\x57\x43\xe3\x49\x6d\xae\xb9\x2e"
	"\x78\xd2\xfa\xb5\x1b\x93\x6d\x53\x8d\x1b\xc4\x1c\x4e\xd2\xce\x1b"
	"\x6f\x5f\x48\xca\xc4\x08\x2a\xab\x12\x6a\x41\xc1\xe3\x49\xe5\x69"
	"\x91\x66\xf2\xc6\x54\x08\xb6\x31\x65\xd4\x8e\xa4\xdc\x37\xe4\x5d"
	"\xca\xaa\xd8\x44\x4e\x4d\x65\x7e\xcc\x90\x93\x5f\xf1\x60\xb3\xf0"
	"\x8f\x28\x31\x5c\x58\xe0\x37\xca\xac\xc2\xf7\xaa\x8e\x32\xc5\x38"
	"\x26\x60\xb3\xc5\x3a\xe8\x0f\x9c\xb4\xc1\x49\xf3\x99\x40\xbb\x5c"
	"\x8a\x52\x38\x31\xaa\x02\x75\xc9\x59\xea\x7e\xda\xb5\x6e\xac\xbe"
	"\x1b\x80\x2a\x40\x02\x18\xd3\xbb\xa9\xf2\xbf\x0d\xa9\x2a\xee\x26"
	"\x7b\x06\xb0\x23\xf9\x06\x50\xd1\xd4\xca\x0d\x56\x6a\x30\xc6\xce"
	"\xd7\xfa\x56\xc6\xf2\x3f\xb4\x5f\x80\x7f\xd5\xb6\xd9\x40\x3c\x72"
	"\x50\x66\xa0\x7c\x10\x97\x72\xe3\x1f\x7a\xef\xd4\x04\xaf\x7e\x2b"
	"\x10\x5c\x9b\xd6\xda\xbd\x17\xa5\xb7\x59\x2c\x55\xfe\x71\x4b\xc3"
	"\xf3\x07\xac\xcd\xc1\x19\x6a\x8b\xd0\xed\x7e\xf0\x25\x37\x24\x9d"
	"\x0b\x8c\xc6\x72\x70\xbf\xd5\xd6\xfa\x06\x8f\xbc\xd1\xda\x03\xd3"
	"\x25\x86\x56\x43\xcb\x11\xd5\x2c\xad\x58\xae\xdd\x3d\xaa\x9a\x53"
	"\xa3\x02\xda\x3b\x6b\x60\x5f\x6d\x27\xb0\xd6\x7f\x0b\x4c\xe2\x8d"
	"\x2a\x10\x4d\xf0\x6d\xb3\x75\x51\x0d\xfc\xf9\xd5\x4f\xc0\xb9\x57"
	"\x3e\x42\x2a\x98\xf2\xcc\x30\xad\x57\x11\x96\x5b\x36\xb9\xd1\xe6"
	"\x96\x23\xbd\x26\x60\x0d\xd5\xd4\x8a\x53\xf3\x66\x3a\xcb\xaa\x66"
	"\x35\xf2\xf1\x2b\xca\xd8\xaa\x5e\x5c\xa5\x66\x20\x82\xaa\x98\x89"
	"\x09\x32\xeb\xd5\x26\x69\x4c\xab\x58\x26\x79\x38\x41\x17\x91\x92"
	"\xad\xc5\x7c\x48\x95\xbb\x53\xc2\xb8\x5c\x19\x8d\xfc\xcb\xbf\x99"
	"\x1c\x78\x41\xbe\xf3\x4d\x7e\x26\x67\x10\xcd\xa4\x00\x22\xcf\xea"
	"\x59\x2f\xaa\xc6\xf7\x0f\x3f\x76\xef\xa6\x34\xa4\x36\x47\xd7\x30"
	"\x27\xf9\x4d\x8a\x6e\xbf\x27\xab\x44\x9d\x3e\x87\xc3\x67\xf0\x2a"
	"\x54\x5c\x5f\x5e\x9e\x61\xdb\x56\x9d\xcc\x2c\x92\xd6\xea\x16\xe2"
	"\xf7\x19\xa9\x7e\xa7\x1b\xf8\x33\xaf\xac\xdc\xfb\x69\x54\x59\xdd"
	"\x93\x09\xf9\xa5\xbf\xe7\x57\x33\x7b\xbb\x93\xbf\x3b\xcd\x4f\x5c"
	"\x24\x14\x82\x03\xdc\x4c\xce\xaf\x7c\x74\x56\x00\xe2\x81\xbc\x48"
	"\xde\x9c\xee\xdf\x5f\xa6\xd3\x8b\xeb\xdf\x46\xa7\xc3\xf9\x7c\x60"
	"\xad\xab\xd9\xd4\x7b\x64\xda\xe5\xeb\x14\x4f\x09\x9f\x1f\x7f\x4e"
	"\x4f\x87\x0a\x38\x67\xd7\xd7\xb7\x97\xf7\xdd\xe7\xf7\x17\x29\x25"
	"\x78\x7a\x06\x00\x1e\xac\xae\x51\x49\x4b\xdb\xa8\x6b\x48\x84\x3b"
	"\x76\x95\x0e\x97\x96\x4c\x84\x5e\x01\x2f\x0a\xa6\xfd\x7d\xcd\xec"
	"\xe2\x05\x4b\x41\x85\x86\xe5\x58\x0f\xaf\x37\x52\x82\xcb\x87\xed"
	"\xb7\x22\x22\x56\x59\xe9\xfc\xf4\xed\xcc\x9a\xd0\x9d\x51\x07\xad"
	"\x74\x3d\x97\x9b\x44\x84\x4c\xb3\x96\xda\xd8\x01\x20\x7a\x21\x32"
	"\x5e\x48\x59\x4e\x34\x73\x36\x07\xa5\x8a\x6e\xf6\x10\xe6\xb2\x0b"
	"\x8b\x3e\x74\x88\x66\x42\x47\x21\xd1\x9e\x92\xe6\x32\xe5\x10\x92"
	"\x1b\x3f\xad\x49\x12\xa0\xcd\x66\xc8\x14\xa6\x6a\x7b\x37\x27\x51"
	"\x97\x74\x70\x68\x33\xae\x49\x52\xfa\x93\x72\x1f\xd6\x2b\x78\x25"
	"\x24\xa9\x4c\x6b\x94\x1c\x05\xda\x16\xe1\xa4\xc0\x57\x31\x27\x19"
	"\x42\x12\xb7\x35\x11\x0b\x84\xb8\x0a\x48\x5a\x19\xcb\xe5\xec\xc1"
	"\x44\xad\x2c\xd0\xfa\x12\xa7\xdd\xe6\x9b\x49\x90\x7a\x89\x53\xb9"
	"\xa7\xd0\x6e\xbd\x74\xca\x47\xe3\x77\x73\x27\xef\xd6\xbd\x6c\x63"
	"\xac\x3f\x4d\x4f\xef\x8a\x9e\xec\xd7\xa6\x74\x7c\x13\x2f\x9f\xc9"
	"\x25\x7f\x89\x22\x75\x6b\x61\x42\xc0\xb4\x89\xdc\xbc\x91\x77\x05"
	"\x01\xb4\xcf\x52\xf2\xfb\x87\x72\x2b\x56\xe8\x51\x10\x98\x37\xbc"
	"\xc0\xfa\x4d\x8a\x06\x00\x1b\x86\x2d\xc4\x3c\x20\x31\xcf\x84\xff"
	"\xc5\x23\xa6\xe5\x02\x9d\xa6\x0c\xcb\x2d\x2e\xd1\x6f\x8a\x84\xe0"
	"\x8b\x1d\x6b\xd7\x30\x0c\x97\xfc\xd1\x1d\x14\xc6\x01\x34\x20\x77"
	"\x27\x58\x23\x4f\x30\xa3\x03\x86\xb4\x2b\xe4\x35\xd0\x64\x42\x5e"
	"\xe2\x0d\xa6\x29\x62\x13\x63\x31\x8d\xbf\xc2\xf4\xa5\xe2\xbe\x50"
	"\xf1\xe9\xe5\x57\xea\x84\x18\x52\x59\x4c\x5f\xa9\x38\x62\xac\x61"
	"\x31\x4d\xbe\xc2\xf4\x95\x2e\x40\x1c\x57\x2c\xa6\xeb\xe3\x4c\xd7"
	"\xe7\x5f\xc8\xe9\xfa\x2b\x03\x7c\x7d\xfe\x85\x7e\xba\x9e\x7c\xa1"
	"\x4e\xd3\x2b\xbc\x9f\xa4\x08\x09\x13\xbe\x99\x1e\xcf\x66\x34\xfe"
	"\x4a\xb5\x25\x17\x3e\x09\x88\x88\x19\xf3\x2f\xc8\xbe\x26\x23\x7b"
	"\x85\x75\x84\xf1\xd1\x46\x9c\x1f\xe5\x38\xde\x11\x17\x47\x39\x2e"
	"\x8f\x72\x5c\x1d\xe5\xb8\x3e\xca\x31\x3a\xde\x98\xd1\xf1\xd6\x8c"
	"\xf0\xe6\x2c\x0b\x36\x6d\x78\x98\x5c\xa3\x64\x08\x53\x27\x4f\x5c"
	"\x92\x07\x39\x62\x2a\x6f\xb8\xf1\x11\x16\x79\xef\xac\x79\x11\x66"
	"\xe2\x05\xa9\xd8\xb1\xc2\xb6\x9c\xa5\xe9\x91\xe2\xe6\x84\x1e\x65"
	"\x91\x57\xd6\x65\x90\x83\xc9\x76\x59\x88\x29\x2e\x4f\x5e\x23\x18"
	"\x95\x46\xf7\x1d\x6b\x54\x55\xf3\x25\x16\xcc\x03\x78\xec\x1b\xd1"
	"\xc1\xbc\x28\xf5\x69\xfd\xeb\x9c\xc1\x4a\x35\xe2\xf5\xe9\xa4\x26"
	"\x07\xbf\xfc\x94\xdd\x11\xa5\xf3\x08\xc2\xf5\x29\x3d\x8b\x46\x1b"
	"\xc4\x61\xf4\xda\xc0\x97\x6d\x86\x88\x16\xfc\xe4\xc7\xfd\xc3\x5f"
	"\xfb\xe7\xc7\xce\x6c\xea\xf5\x6d\xff\xfc\xf1\x97\xb6\x4a\x79\xda"
	"\xbd\x3f\xba\xf1\x09\x95\x4e\x62\xa9\xa0\x46\x8c\x3b\x04\xc8\x56"
	"\x4d\x0a\x7a\xe1\x15\x4d\xfb\x03\xfd\xea\x80\xdd\x01\x12\xbc\x87"
	"\x63\x32\x10\xae\x01\x08\xa8\xcd\x3f\xa1\x56\xb0\xc3\x43\xc7\x6e"
	"\x73\x02\x10\xe6\x78\xcb\x35\xb6\x55\x56\x24\xb5\xaa\x12\x49\x14"
	"\x2a\x44\x80\xb5\xab\x7e\x9d\xcb\x7b\x12\xc4\xfc\x29\x0b\xa5\x8d"
	"\x11\x1e\x67\x9d\xa7\x57\x79\x27\xfd\xed\x63\xff\xb4\x3b\x79\xf8"
	"\xb1\x7b\xf8\xeb\x5d\x75\xd6\x83\x4e\x7f\x1b\xf4\x97\x55\x86\x5d"
	"\x85\xde\xe7\x51\x0d\x23\x68\x77\x24\xa3\x14\x61\x63\x52\xd1\xc1"
	"\xc5\xb2\x03\x11\xa9\xa5\xe4\xa9\x14\x8e\x83\x3b\x3e\x07\x9c\x0a"
	"\xf8\xf2\x66\x7c\x36\x99\x0e\xdf\x8f\x38\x2b\xc1\x06\x59\x8a\xa4"
	"\x19\x22\xac\x53\x92\x68\xac\x4c\x04\x45\xab\xce\x6b\x21\x3b\x42"
	"\x66\x10\x15\x08\xf4\x8e\x3a\x6e\x8a\x75\x8e\x3c\x5e\xe8\x66\x63"
	"\x97\x10\x0a\xd8\x36\xad\x0e\x35\xf0\xb9\xd0\xda\x51\xb8\x8f\x66"
	"\x80\x44\xe6\x7d\x9e\x32\x59\x74\x5f\x16\x79\xba\x1d\x3e\x6b\xaa"
	"\xf4\xbc\x6a\x3b\xad\x1b\x5f\xbb\x33\xdb\x74\x13\x1d\x41\x35\x43"
	"\x83\x9d\x51\xb2\x04\xa3\x12\x80\xb2\xf0\x22\xcf\x82\xb1\x8a\x14"
	"\xd4\x87\xd6\x28\x83\xc4\x5e\x1f\xa2\x07\xf5\xe6\xec\xd7\xc8\xc7"
	"\x25\x28\x67\x24\x1d\x22\x3b\x40\x0d\x40\xc3\x40\xd3\x4e\x8b\x95"
	"\xed\x9e\x5e\xde\xfe\x39\x49\x76\xdf\x3e\x1f\x1f\xf5\xfa\x35\xc7"
	"\x85\x6e\x2a\x9a\xa3\x0a\x63\x9d\x25\x30\x92\x34\x45\xa2\x7f\xa9"
	"\x6c\x64\x87\x88\x22\xc7\x90\x64\x0e\xd9\xc8\x09\x35\x0b\xb0\x70"
	"\x79\x4b\x00\x65\x24\xb6\xa1\x69\xae\x22\x02\x65\x38\x72\x4f\x4e"
	"\xeb\x08\x05\x06\x52\x2f\x55\x6d\x37\x01\xec\x86\x85\x8d\x63\x52"
	"\x42\xb3\xad\x02\x93\x98\x5a\x60\x91\x34\x35\xd7\x2a\x0b\x69\x59"
	"\x5a\x1e\xbd\xf9\xba\xb5\x68\x09\xa1\x7d\x4b\xe3\xf6\xc9\xeb\x7d"
	"\xa8\xaf\xda\x59\x08\xf8\xaa\x68\x8f\xa8\x3a\x2d\x89\x18\x46\xb1"
	"\xb2\x08\x0a\xd0\x81\x0c\x55\xef\x71\xac\x9a\xa1\xa9\x07\x0c\x3a"
	"\x1f\xf5\xf0\xed\xe1\xe9\x14\x08\xbe\x67\x53\xfd\x01\xf4\xef\xcd"
	"\x99\xd3\x67\xcb\xb8\x58\x39\x65\xc8\x0f\x64\x72\xfb\x30\x6f\x62"
	"\x23\x03\x7f\x68\x18\x17\x56\xdc\x5a\xad\x76\x85\xb5\x72\x02\x3e"
	"\x60\x9f\xaf\x7a\xd3\x5e\xdc\x3f\x3f\x5a\x28\xa2\xb3\x0a\x9e\x2f"
	"\xea\x32\xec\x82\xde\x63\xde\x71\x78\x1b\x02\xc4\x1b\xfd\x9c\x83"
	"\xd4\x09\x72\x6a\x16\x75\x3e\x97\xdd\x25\xfc\xf3\x6f\x7d\xdb\x23"
	"\x2d\x86\x4b\x2c\xfc\x2f\x33\x06\xbd\x59\x91\xb4\xa6\x37\x16\x44"
	"\x5f\x87\xca\x77\xd1\x6f\x9c\x2a\xbc\x9d\xea\xb2\x81\xe2\x52\xc7"
	"\xbc\xd3\x28\x4a\x6e\xf1\x9a\x8c\x1d\xbc\x87\x7e\xa9\x9a\x6a\xc1"
	"\x8b\x0a\x5e\x36\x7c\x6f\x13\x2a\x9b\x0e\x0c\xd0\x28\x59\x2f\x41"
	"\x9a\x27\xfd\x69\x67\x0d\x2e\x34\x63\x49\x69\x79\x64\x4f\xe2\x10"
	"\xc4\xca\x8d\xba\x0c\xc3\x7f\xd8\x35\x4f\xfe\xeb\xfd\x75\xff\x0c"
	"\xae\x85\xef\xff\x3a\x79\xfa\xfc\xd8\xfd\xda\xc9\x7f\xec\x3e\x1e"
	"\xfe\xfd\xef\x7f\xff\xb7\x7b\x84\xcb\x56\x65\x75\x45\x37\x54\x84"
	"\x26\x5f\x0b\x47\x1f\x5a\xe1\x47\x33\x59\xaf\x35\x93\xdc\xf6\x8a"
	"\x75\x49\x10\x93\x8f\x16\xc3\x13\xde\xeb\x02\xdb\xb8\x42\xa2\x6e"
	"\x1f\xe5\xfc\x6e\x28\x90\x01\x0c\x46\xa0\x10\x52\x15\x20\x73\x29"
	"\xa0\xb2\x23\x75\x81\xd8\x88\xa4\x64\xbd\x04\x2b\xf0\x42\xe5\xfa"
	"\x82\x77\x37\xfc\x5c\x38\xf4\x03\x6e\xb9\xa3\x66\x8c\xda\x25\x86"
	"\x93\x45\x09\x01\xb2\x57\xa4\x20\x23\x28\x4d\xe4\xcc\xd2\xf0\x82"
	"\x81\xca\x2f\xf5\xf9\x13\x3e\x5f\xe4\xff\x2b\xca\xa3\x42\x50\xfb"
	"\x80\xc6\x29\x29\x33\x51\xc6\xdb\x29\xca\x14\x21\x34\x95\x42\x33"
	"\xbc\x43\x22\x0d\x4d\xa3\x98\xcb\x96\xe7\xf2\xe2\x96\xba\x92\x2c"
	"\x8f\x6b\x44\x7c\x50\x13\x06\xc8\x5e\x13\xa1\x63\x43\x26\x3f\x54"
	"\x28\x63\x61\x0e\x2c\x9b\x01\x8b\x0a\x15\x51\xc1\x10\xf6\xb8\xa3"
	"\xa3\x21\xfd\xb0\x27\x01\x93\xdc\xed\xcc\x02\x60\x42\xa0\xc5\xd3"
	"\x5b\x71\xf4\xfe\x20\xb7\x64\x2d\xf5\x71\x47\xde\xb3\x38\xf5\x93"
	"\xb9\x8a\xba\x48\x57\x48\x80\x4e\xd9\x98\x45\x51\x95\xa9\x96\x32"
	"\x2a\xda\x19\xd7\xfa\x2f\x96\xed\xd8\x42\x60\x87\x82\x1f\x33\x12"
	"\xf8\x82\x21\x41\x2a\x4b\xcc\xe3\x6d\x55\xf8\x40\xcb\xf2\xa2\xd4"
	"\xdd\xc5\x2d\x31\x61\x56\xe7\x5a\xb4\x0e\x53\xe7\x9c\x94\x0b\x3f"
	"\x4f\x77\x57\x9b\x75\xeb\xd3\xc8\x40\x1f\xed\x59\x5c\xd4\x52\x30"
	"\x97\x47\x69\xc1\x13\x8b\x05\x5e\xed\xd4\x0c\x00\x4e\x25\x9c\x0b"
	"\x3b\x56\x60\xfb\xa1\xce\x65\xf0\x92\xa6\xf2\x8e\xcd\x60\x21\x5c"
	"\xc5\x6d\xb5\x80\x54\x5b\xe8\x4c\xc9\x6f\x58\x2d\xc0\xf8\xc0\x90"
	"\x8a\x35\x83\x4b\x85\xdd\x3c\x30\x27\x94\x77\x59\xfb\x4d\x4a\xa3"
	"\x8f\x54\x11\x62\x61\x68\x94\xd0\x19\xdb\xda\x59\x27\x4c\xa8\xab"
	"\x59\x2b\xf9\xa8\xfb\xb0\xd9\x30\x68\xc6\x21\x36\x43\x37\x0f\x9c"
	"\x3d\xd0\x1a\x3f\xe4\x78\x50\x07\x25\x80\x9b\xaa\x8e\x40\x5c\xba"
	"\xf9\xad\x94\x8d\x66\x5f\xc8\x28\xc4\xa2\x4f\xf8\x00\xc3\x62\x0d"
	"\x90\x7f\x01\x86\x76\xca\xb4\xd3\x02\x71\xee\x51\x9f\x37\x22\x97"
	"\x92\xf1\xa2\xf0\xed\x2e\x91\x3c\x0a\xe4\x90\xb6\x31\x5c\xe5\xfc"
	"\x37\x03\x1a\x76\xe9\x24\x97\xeb\x10\x6e\xe3\xed\x07\xc8\x89\xdd"
	"\xb3\xcb\x79\x1a\x64\xd4\xa2\x4d\xa0\x75\x10\x34\x08\x82\x62\x2a"
	"\xa4\x36\xe2\x45\x17\xad\x55\x88\x9a\x76\xa8\x0e\x63\x1f\x95\x33"
	"\x27\xcd\xe2\x74\xfa\x10\x70\xaa\xa5\xa0\x8b\x6e\xd3\x87\x35\xd7"
	"\x44\x72\xf3\x58\x00\x38\xb3\x7f\x43\x3d\xac\xaa\xff\x03\xe7\xd7"
	"\xca\x97\xf5\x27\x29\x5c\x72\x94\xce\x0b\x5f\x55\x6d\x3b\x1d\x74"
	"\x3d\x88\xf7\x0c\xc2\x88\xb3\xd9\xeb\x33\xf0\xf3\x59\x29\x72\xaa"
	"\xdd\xfb\x87\x75\x0a\x42\xb5\xd4\xf9\x2c\x2f\x05\x1c\xa9\x20\x0d"
	"\x51\xa3\x4e\x2a\x51\xb2\x4b\xe0\x34\x8c\xc0\x44\x07\xa7\x2b\x85"
	"\x04\x74\x42\x98\x4d\xbb\xba\xe0\x74\x2d\xc0\x81\x21\x7c\x48\xb1"
	"\xa8\x9a\xb4\xa0\x1b\x34\xb6\xab\x6e\x73\xa5\x06\xb2\x05\xd6\xc7"
	"\xf9\x96\x92\xb1\x42\xc2\xe2\x28\x06\xb5\xb7\xcd\x70\x7a\xc4\x2a"
	"\xcc\xa0\x55\xd1\xeb\x9a\x25\x38\x95\x83\x32\xaf\xb2\x21\xe7\xad"
	"\xb6\x12\x44\xb7\xab\xc7\x7f\x99\x05\x0a\x17\x70\x05\x2f\xca\x6d"
	"\xa0\xfe\x65\xa0\x71\x41\xeb\x59\xdd\xcf\xca\x66\x25\x50\x03\x5c"
	"\x49\x9a\xd1\x2c\x3c\xc8\x20\x84\xc8\xb3\x67\x49\xb7\xa1\x01\xcc"
	"\x8a\x40\xff\xca\x32\x50\x25\x45\x57\x06\x5c\x07\x98\x77\x0f\x06"
	"\x7d\x4f\xde\x28\xb5\x90\x3c\xbf\x79\xed\x58\x49\xf6\xf2\x9d\xc5"
	"\xe3\xdf\x5b\x09\xa0\x9e\x1e\xd1\x84\xcc\x15\xf0\xf8\x41\x8b\x20"
	"\x7f\x87\x34\x39\x75\xa4\x74\x16\xb2\x1a\x15\xbb\x53\xfb\xbb\x69"
	"\xc0\xdd\xaa\x14\x3b\xc6\xbc\x68\xf2\x1a\x71\xe3\x52\x1c\x61\xad"
	"\x91\x72\x07\x60\x42\xdd\xe4\xd6\x4a\x03\x3c\x34\x03\x97\x0b\xb7"
	"\xac\x54\x28\x07\x14\xb9\xca\xe0\x52\xfb\x1d\xa2\x7b\x2d\x19\x5c"
	"\xf0\x3b\x01\x87\x25\x3c\x90\x9d\xbe\x34\x41\xf3\x95\x30\x24\x65"
	"\x00\x41\x43\x57\x96\xf5\xc6\x8b\x20\xab\xae\x90\x29\x9b\xe7\xad"
	"\x26\xd0\x6d\x1d\xa7\x29\x20\x22\xa3\xdb\x97\x62\x82\x8d\x27\x96"
	"\xcb\x8a\x83\x1e\x36\xa2\x33\xb0\xc9\xc8\x08\x12\xc3\x12\x3a\x4a"
	"\xb0\xf9\xc2\x55\x02\x88\xdd\xc3\xe7\x1b\x38\xdf\x3a\x8f\x1b\xb0"
	"\x1c\x86\x46\x5d\x5b\x6d\x7b\x4b\x8c\xeb\x1b\x6c\x7a\x10\x72\x5c"
	"\x1e\x8c\x92\x03\xb6\x42\xc4\x56\xa8\xcd\x02\xc1\x3a\x54\xc6\x4d"
	"\x52\xb8\x40\x59\x24\xa1\x49\x16\x4d\x21\xcb\x53\x4f\x38\x98\x03"
	"\xbe\x36\x4f\x96\x47\x1d\x15\xca\x23\x4c\x75\x92\x5f\x51\xee\x18"
	"\x32\xf7\x5f\xaf\xe5\x9f\x4a\xea\x04\xaf\x86\x70\x49\x5e\x93\x8e"
	"\x3e\xa3\xd6\x66\xc5\x5b\x48\x67\xcf\xb2\x99\xf1\x2c\xdc\x18\x5b"
	"\xe7\xd1\xdd\x63\x54\x7c\x5b\x29\x0d\xc8\x9d\xa7\x21\x49\xc2\x6f"
	"\xce\xc7\x57\x97\x53\x63\xad\x2f\x08\x97\x97\x5e\xd9\xb1\xb0\x41"
	"\xc3\xfe\xac\x95\x23\x66\x4c\x0f\x87\xc9\x30\xb7\x73\x72\x00\x15"
	"\xb7\x28\x91\xa7\x42\x39\x0d\x75\x20\x87\xa2\xe6\x5e\xa1\xad\xdd"
	"\x6b\x21\x37\xb9\xa1\x52\x7d\x6e\x0e\x14\x5f\x3e\xb2\xea\x81\x9b"
	"\xd3\x53\xa7\x7f\xe5\xf9\xcd\xf2\x7a\xe3\xed\xdf\x96\xa6\x1e\xd2"
	"\x4a\x82\x42\x8f\xdb\xec\xed\x85\x23\x34\xaa\x3d\x2b\x55\x10\x9d"
	"\x83\xca\xdb\x1c\x64\x15\x37\xb6\x66\xcf\xe6\x51\xaa\x3d\x4e\x6f"
	"\xc1\xad\xc5\x56\x56\x3a\xcc\x82\x25\x72\x66\xaa\x93\x1a\x04\x02"
	"\x71\x73\xed\x6b\x4a\x86\x41\x45\xf7\x2c\x52\x00\x2a\xb6\x45\x98"
	"\x87\x94\xb2\xdb\x32\x44\xeb\xdb\x73\xc1\x93\x62\x89\x38\xb7\xf6"
	"\x4c\x5b\x92\x11\xaf\x51\x32\x78\x6b\x5a\xab\xb0\x4f\x3c\xd8\xa2"
	"\x87\x3e\x6d\x48\x9d\x30\x33\x6e\x5d\x86\xe0\x52\xaf\xfc\x88\xde"
	"\x5a\x67\x10\x9a\x53\x0e\x8f\x85\xe9\x86\xb0\xdd\x9c\xbe\xef\x7e"
	"\xee\x9f\x3f\x7f\x9d\x5a\xaf\xcc\x6f\xdf\x77\x0a\x23\xe1\xb0\xe5"
	"\x0e\xdf\xb1\xf6\xcf\x7b\x80\xa8\xda\xff\xe7\xbe\x05\x74\xeb\x9b"
	"\xcc\x5a\x31\xc2\xb9\xa5\x0d\x48\x70\xf3\x92\xcb\x45\xca\xc9\x39"
	"\x22\x42\x1b\xac\x77\x14\xb1\x76\x50\x7c\xca\x17\x21\x55\x5e\x6a"
	"\xba\x69\x45\x1e\x64\x9e\x81\x58\xee\xe7\xed\xad\x3f\x21\xca\x40"
	"\x6f\x7f\xfe\xf6\xcf\xeb\xc7\xcb\xc9\xc3\xcb\xdb\xee\xe4\xe5\xed"
	"\xe4\xc7\xee\xe7\xab\x72\x7f\x32\x98\xc1\x1d\xc2\x08\x5a\x62\x24"
	"\x8f\xdd\x74\x4a\x12\x6f\xa2\xcb\x2a\x2f\x99\x31\x2b\x17\xc3\x0d"
	"\xc8\xa6\xb8\x1f\xc1\xe2\xf3\x26\xba\xac\xdc\x50\xa2\xf4\x69\x5e"
	"\xc6\xde\x08\xc0\xa9\x3a\x5a\x13\x82\xd5\x7e\x59\x96\x63\x5f\xa2"
	"\x9b\x03\x9c\xe8\x9e\xea\x08\x43\x2a\x69\x53\x93\x05\x3a\xa0\x0d"
	"\x8d\x13\xb7\x53\x32\x92\xcb\xb3\x82\x63\xe9\x63\x4f\x19\xb0\xf1"
	"\xe3\xa5\xb4\x1f\x1e\xb4\x42\xa0\x52\x77\xb2\x9f\xcf\x46\xe3\x69"
	"\x56\xa7\x0e\x01\x44\x52\x6f\xa2\xaf\x26\xa5\xfa\x1b\xaf\x0b\x1c"
	"\xde\x2a\xa0\x9d\x93\xa3\xfa\x2b\xf1\x64\x99\x69\x0a\x9e\x27\xa9"
	"\xab\x85\x14\x86\x3c\x9f\x22\xba\xe1\x96\x2a\x58\x96\xf4\xee\xc7"
	"\x9f\x1f\x3f\x00\x20\xe7\xe1\xfe\x63\xf7\xfd\x84\x3e\x3f\xc0\x1a"
	"\x93\x1b\xc9\xc9\xdf\xfb\x8f\x1f\x27\xe4\xfd\xfd\xe5\x61\xaf\x48"
	"\xc9\xfd\xc7\xfd\xf0\x96\xdf\xd5\x3e\xce\xf0\x82\xe6\x71\xe6\x36"
	"\x77\x41\xe4\x7f\xe3\xb3\xb2\x48\xb7\xa3\xf3\xb3\x0b\x87\x41\xd0"
	"\x5b\xb6\x72\x52\xa9\xfc\x48\xee\x1b\xab\xae\xde\x91\x42\xb5\x7c"
	"\x7a\xf9\xbe\x7b\x77\x76\x80\x38\x8a\xdd\x62\x2b\xee\x49\x13\x9e"
	"\x72\x22\x4f\x7f\xa6\x1c\x89\xcc\xdc\x0d\x7e\x14\xe3\xbd\xb0\x31"
	"\x95\x48\xdd\xfa\xa2\xdb\x35\x47\x6e\xe8\xdd\xf8\x26\x4c\x5e\x92"
	"\x6a\xd7\x0f\x74\x71\xff\xfe\x03\x6b\xbb\x3c\xcd\xdd\xed\xc6\x97"
	"\xb8\xd1\xdd\x64\x17\xba\xca\x3c\x08\xa4\xc9\xfe\x71\xf7\xfe\xe1"
	"\x16\xc6\xe3\xf3\xb1\xa7\xaf\x21\xd9\x93\x75\x94\xca\x0b\xc7\x38"
	"\x0a\x35\x59\x7e\x5a\x8d\xce\x12\x36\x0b\x4c\x2a\xef\x8e\x3a\x98"
	"\x4e\xce\x3a\x4a\x26\x81\x3d\x22\xf1\x7e\xc2\xe4\x74\xa3\x29\xfc"
	"\x1d\xaa\x2d\xcf\x92\x11\x82\x7a\x37\xe0\x40\xcc\x8f\x0f\x1c\xe3"
	"\x8b\xcb\x23\x1c\xe7\xe3\xb3\xc0\x72\x5e\x90\x91\xbb\x8a\xe4\x1a"
	"\xbb\xb8\xf4\x25\x5f\x8c\x7c\x63\x23\x09\xe7\xa1\x4a\x54\x73\x3e"
	"\xba\x1e\x87\x38\xd6\xe5\xc5\xc8\xc5\xe1\x8a\xf7\xaf\x3f\x0c\xa7"
	"\xee\xfe\x84\xf5\x2d\x0a\x99\x6a\x85\xf6\x71\x38\xf2\x3a\x62\x22"
	"\xb0\x27\xf2\x78\xe2\x9d\x7a\xc5\x7a\x86\x19\x23\x76\x73\x8f\x64"
	"\x34\x4d\x19\x09\xf3\x88\xea\xe2\x18\xc3\x25\x5e\xbd\xc4\xdb\xec"
	"\x99\x73\x78\x38\xbb\xc5\x82\xdc\x91\x24\xc4\x21\x48\x2a\x48\x68"
	"\x9a\x74\x1b\xaf\x6f\xf0\x29\x0d\xe7\x4d\x79\x69\x05\xa8\x71\x4f"
	"\x1c\x82\x17\x2d\xaf\xae\xd0\xf9\xce\x6c\x6c\xd3\x0f\x30\xf8\xbd"
	"\xa1\x20\x60\xb0\x19\xe2\x6c\xdf\x7f\xb3\xd4\x88\xf5\xd5\x6d\xd0"
	"\x77\x85\xa7\x5d\xd3\xc9\x18\xaf\x54\x7a\xe7\x9b\x28\x32\x75\x11"
	"\x5c\xf3\x77\xa2\x72\x63\xf5\xf2\xfb\xe7\xef\x2f\x4f\x27\xf9\xe7"
	"\xd3\xb7\xdd\x5b\x87\xb5\xec\xab\x3f\xc9\x05\x6b\xe2\xd2\x27\xe9"
	"\x25\x3c\x02\xe5\x63\x5e\xfb\x29\xde\x3d\x5c\x53\x7c\xfb\xa1\xa2"
	"\xf8\x0e\x3d\x20\x38\x89\x7f\x30\xb8\x02\x50\x78\x56\x35\xef\xf3"
	"\x03\x39\x4b\x3d\x06\xa0\x4a\x5f\x9b\x51\xb4\xc2\xe6\x97\x98\x39"
	"\x62\x5e\x61\xf3\x81\x58\x8e\x0f\xa8\xba\xe6\x9a\x41\xcc\x3a\xca"
	"\xda\x27\x9f\xd2\x95\x02\x1b\x8b\x09\xc9\xfa\xe1\x51\xef\x1d\x22"
	"\x38\x01\xe0\xbb\x38\x2e\x8f\xb1\xc8\x3b\x0e\x2f\xe4\x7d\x3d\xcf"
	"\x2f\x2e\x10\xac\xa5\x61\x86\x64\xc5\xea\xac\xb9\x63\x47\xf3\xbd"
	"\xf5\xea\x49\x0c\x06\x08\xe9\x05\xb1\x06\x63\x77\x9d\x68\x86\xee"
	"\x56\xe5\xcd\x5d\x63\x91\xf8\x8a\x06\xa7\x68\xfd\xf3\x0b\x35\x60"
	"\xc3\xd2\x89\xd8\x66\x19\x05\xed\x9a\x52\xcd\x55\xdb\xd2\x4f\x2c"
	"\xeb\x28\x6d\x79\x44\x1d\x99\x6c\x9b\x8b\xb3\xeb\x26\xa6\xa0\x30"
	"\x62\x60\xe9\x0b\x60\x65\x62\x78\x5d\x28\x97\xb1\xb8\xea\xad\xa5"
	"\x7b\xea\x41\xf9\xa8\xe8\x5a\x3b\x4f\xb7\x08\xc6\xeb\x1c\x94\x57"
	"\x25\xd5\x76\xe2\xe0\xed\xae\x0a\xf3\x59\x81\xc7\x80\x0d\xfd\xa7"
	"\x12\x9c\xdf\x4f\xfe\x04\x88\xa0\xfd\xe3\xb3\xc6\xf7\x53\xd6\xcd"
	"\xfa\x55\xec\xe0\xe0\x06\x51\x33\x2b\x5e\x8b\x56\x71\xc9\x8d\x07"
	"\x6d\x97\x2e\x40\x83\x35\x74\x90\x03\x3a\xdd\x54\x9c\x0c\x3b\x01"
	"\x53\xa4\x14\x79\x42\xf8\xd6\x2e\x0f\xf3\xbd\x83\xac\xa5\x70\x16"
	"\x2f\xd5\xab\x9d\x87\xd9\x50\x25\x23\xd3\x47\x4b\x1c\x9a\xc7\x2f"
	"\x60\x48\xf9\x40\x93\xc3\xb2\x4c\x57\x0c\xf5\x16\x81\x53\x95\x60"
	"\x38\x24\x7b\x84\xcb\xf3\xc3\xf7\x01\x19\x42\x4a\x21\x5d\x33\x10"
	"\x8a\xaf\xfc\x21\x11\xee\x45\x61\x86\x28\x5d\x06\x18\x72\x5a\xe4"
	"\x2d\x8b\xd3\x8a\xf6\x1c\x57\x3c\x41\x51\xa9\xcf\x2d\xf2\x09\x4c"
	"\x11\xcb\x61\x8a\xe8\x87\xc4\xee\xec\x4d\xf7\xdf\xde\xee\xdf\xfe"
	"\x39\x79\x7b\xf9\xfc\xd8\x3f\x0f\xef\x17\x91\xdc\xcf\xa8\x5c\x10"
	"\x82\xfa\x2c\x62\x7d\x54\xad\x7a\x1f\x9a\x63\x77\x66\x1b\xa2\xe2"
	"\x79\x5c\x6e\x9b\x19\x07\xb4\x2e\x63\x11\x0f\x59\x52\x9a\x23\xd4"
	"\x9c\x56\x3a\xb0\xad\x4b\x2a\x63\x06\x30\x8c\xa4\x74\x49\xac\xb0"
	"\xcc\xda\x01\x74\x21\xce\xca\x4d\xbc\xd0\x56\x75\x9c\xce\x86\x63"
	"\x12\xcb\x51\x94\x07\xa3\x91\x34\xba\x34\x87\x24\x6e\xdc\xfb\x8a"
	"\x41\x66\x55\xdd\xf8\xef\xe2\xce\x25\x09\x66\x67\xc0\x5a\xaf\x65"
	"\x90\x1b\x24\x8d\xb6\x53\xcf\xa7\x9a\x32\xc1\xaa\x02\x2c\x84\xaf"
	"\xb1\x5d\x43\x73\x44\x0c\x13\xf3\x62\x34\xe3\x2b\xdf\x73\x03\x8b"
	"\xdc\xdb\x61\x3c\x1d\x0c\x00\x28\x62\x5d\x2b\x69\x9d\xac\x46\x47"
	"\x3f\x1f\x61\x2c\x0e\xf5\x60\x16\xa0\x1e\xde\xc2\x7d\xa9\xfc\xa7"
	"\xa5\xac\x60\x0a\x93\x2a\xd5\x11\x31\x87\xbe\xd4\x66\x6a\x42\x7d"
	"\xe9\x93\xc6\x9f\x6a\x70\x1f\x10\x81\xee\x80\xe0\x07\x0b\x52\xa4"
	"\x26\x8a\xff\xf0\xaa\x8f\xbb\xdc\x9a\xf9\xdd\x10\x63\x74\x40\x88"
	"\x24\x61\xec\xa5\xa4\x77\x19\x41\x08\x13\x77\xe1\x78\x5e\x81\x38"
	"\x05\x8b\xe3\x22\x2d\x8c\x48\x9a\xc3\x54\x78\xa7\x9b\x22\x24\x59"
	"\xe0\x80\x04\xef\xa3\x82\xc2\x98\xfb\xd2\x9a\x65\x56\x7a\xd3\xa3"
	"\xcc\x9b\x3c\x13\x43\xc8\x54\x21\x8a\x98\xc9\x8d\x48\x6d\x54\x9c"
	"\x6c\x87\x9b\x97\x80\x8d\x82\x66\x76\x12\xd8\x86\x35\xc6\x06\xa2"
	"\x9e\x99\x33\x43\xc9\x29\xe6\x69\xc0\x72\x18\x6c\x67\xf2\xa2\x28"
	"\x6d\x30\x20\x83\x01\xfc\x19\x10\xb4\x20\xb0\x47\xe1\x46\x15\x92"
	"\xdb\xe1\x3e\x9a\x16\x86\x96\x0a\x7e\x87\x66\x7b\x9e\x9a\xd0\x4d"
	"\x71\x7a\x07\x3e\x70\xc6\x16\x52\xf0\x04\x51\x76\x24\xc8\x33\x37"
	"\x18\xbe\x95\x16\xfa\x6a\x0f\x4c\xcd\xe4\x52\x1a\x4c\x7f\x16\xcd"
	"\x92\xc1\x46\x0a\xe0\x82\x9c\xce\xa5\xb4\xc1\xcd\x37\x55\x30\x02"
	"\x4f\xbd\x56\x0f\x02\x80\x1c\x8b\xd4\xda\xc1\x95\xb7\xc3\xbc\x51"
	"\xca\xc1\x81\x34\xa5\xad\x5f\x4c\x60\x40\x65\x78\xe3\xeb\xa4\x16"
	"\x5a\xed\xe1\xc7\xc9\xeb\xfd\xc3\x5f\xf7\x8f\xbb\xfe\x89\x05\x12"
	"\x21\xed\xe4\xfe\xf3\xfb\xfe\xc5\xe7\xa0\x26\xf2\x44\xc7\x23\x26"
	"\x02\x47\xe9\xd7\x34\xe5\x67\x1c\x07\x39\xd0\x38\xaa\x1d\x83\xec"
	"\x33\xcb\xaa\x47\x5f\x3f\x9f\xf2\xdd\xc7\xc9\xee\xd7\xc7\xee\xf9"
	"\xdd\x7c\x95\xe7\x19\x1c\x95\x60\x54\x3c\x58\x89\x2a\x4d\x2c\x7a"
	"\x5c\x9f\xcd\xfe\xfe\xe5\x69\x0f\xb1\xb2\xfe\xdc\x3f\x7e\xea\x9b"
	"\xab\xfb\xc0\x2f\xef\x9f\x8b\x66\xc3\x48\x91\xb1\xa1\x8b\x56\x9f"
	"\xe8\x87\xf3\x35\x18\x14\x0e\xb0\x53\xfb\xb6\xf8\x6f\x2f\xf7\x6f"
	"\xdf\x65\xea\xcf\xdd\x83\x1d\x9a\x68\x98\x49\x5c\xd4\x3c\xa2\x95"
	"\xd7\x87\xec\xc0\x95\xc8\xfb\x54\x1e\x33\xac\x26\xe5\xa2\xa0\x39"
	"\x43\x62\xfa\x0d\x6b\xbc\xa6\x88\xcd\xc6\x90\x0b\xf0\x05\x8f\x33"
	"\xd5\x31\xc9\xc9\x51\xb6\x15\x2b\x52\xfa\xff\x9d\x9e\xd8\xa4\xf8"
	"\x5f\xf6\xe2\x3d\xee\x3c\x6f\x02\x00"
MAGIC_END;
